date,order_book_id,symbol,quantity,last_price,avg_price,market_value
2015-10-08,399006.XSHE,创业板指,45648.0,2190.311,2190.311,99983316.528
2015-10-09,399006.XSHE,创业板指,45648.0,2216.656,2190.311,101185913.088
2015-10-12,399006.XSHE,创业板指,45648.0,2316.782,2190.311,105756464.736
2015-10-13,399006.XSHE,创业板指,45648.0,2342.039,2190.311,106909396.272
2015-10-14,399006.XSHE,创业板指,45648.0,2305.003,2190.311,105218776.944
2015-10-15,399006.XSHE,创业板指,45648.0,2404.533,2190.311,109762122.384
2015-10-16,399006.XSHE,创业板指,45648.0,2449.03,2190.311,111793321.44
2015-10-19,399006.XSHE,创业板指,45648.0,2433.599,2190.311,111088927.152
2015-10-20,399006.XSHE,创业板指,45648.0,2511.164,2190.311,114629614.272
2015-10-21,399006.XSHE,创业板指,45648.0,2344.74,2190.311,107032691.52
2015-10-22,399006.XSHE,创业板指,45648.0,2458.138,2190.311,112209083.424
2015-10-23,399006.XSHE,创业板指,45648.0,2538.383,2190.311,115872107.184
2015-10-26,399006.XSHE,创业板指,45648.0,2527.477,2190.311,115374270.096
2015-10-27,399006.XSHE,创业板指,45648.0,2563.958,2190.311,117039554.784
2015-10-28,399006.XSHE,创业板指,45648.0,2485.235,2190.311,113446007.28
2015-10-29,399006.XSHE,创业板指,45648.0,2485.276,2190.311,113447878.848
2015-10-30,399006.XSHE,创业板指,45648.0,2478.277,2190.311,113128388.496
2015-11-02,399006.XSHE,创业板指,45648.0,2432.038,2190.311,111017670.624
2015-11-03,399006.XSHE,创业板指,45648.0,2429.27,2190.311,110891316.96
2015-11-04,399006.XSHE,创业板指,45648.0,2584.317,2190.311,117968902.416
2015-11-05,399006.XSHE,创业板指,45648.0,2564.722,2190.311,117074429.856
2015-11-06,399006.XSHE,创业板指,45648.0,2661.412,2190.311,121488134.976
2015-11-09,399006.XSHE,创业板指,45648.0,2724.619,2190.311,124373408.112
2015-11-10,399006.XSHE,创业板指,45648.0,2746.609,2190.311,125377207.632
2015-11-11,399006.XSHE,创业板指,45648.0,2804.677,2190.311,128027895.696
2015-11-12,399006.XSHE,创业板指,45648.0,2783.298,2190.311,127051987.104
2015-11-13,399006.XSHE,创业板指,45648.0,2710.161,2190.311,123713429.328
2015-11-16,399006.XSHE,创业板指,45648.0,2797.162,2190.311,127684850.976
2015-11-17,399006.XSHE,创业板指,45648.0,2717.052,2190.311,124027989.696
2015-11-18,399006.XSHE,创业板指,45648.0,2661.165,2190.311,121476859.92
2015-11-19,399006.XSHE,创业板指,45648.0,2770.752,2190.311,126479287.296
2015-11-20,399006.XSHE,创业板指,45648.0,2800.15,2190.311,127821247.2
2015-11-23,399006.XSHE,创业板指,45648.0,2770.577,2190.311,126471298.896
2015-11-24,399006.XSHE,创业板指,45648.0,2816.048,2190.311,128546959.104
2015-11-25,399006.XSHE,创业板指,45648.0,2897.569,2190.311,132268229.712
2015-11-26,399006.XSHE,创业板指,45648.0,2833.198,2190.311,129329822.304
2015-11-27,399006.XSHE,创业板指,45648.0,2649.55,2190.311,120946658.4
2015-11-30,399006.XSHE,创业板指,45648.0,2672.581,2190.311,121997977.488
2015-12-01,399006.XSHE,创业板指,45648.0,2655.345,2190.311,121211188.56
2015-12-02,399006.XSHE,创业板指,45648.0,2613.263,2190.311,119290229.424
2015-12-03,000903.XSHG,中证100,36160.0,3417.6055,3417.6055,123580614.88
2015-12-04,399006.XSHE,创业板指,44861.0,2692.161,2692.161,120773034.621
2015-12-07,399006.XSHE,创业板指,44861.0,2738.149,2692.161,122836102.289
2015-12-08,399006.XSHE,创业板指,44861.0,2691.658,2692.161,120750469.538
2015-12-16,399006.XSHE,创业板指,43302.0,2763.114,2763.114,119648362.428
2015-12-17,399006.XSHE,创业板指,43302.0,2835.701,2763.114,122791524.702
2015-12-18,399006.XSHE,创业板指,43302.0,2830.259,2763.114,122555875.218
2015-12-21,399006.XSHE,创业板指,43302.0,2829.921,2763.114,122541239.142
2015-12-22,000903.XSHG,中证100,35095.0,3502.7951,3502.7951,122930594.0345
2015-12-23,000903.XSHG,中证100,35095.0,3506.0972,3502.7951,123046481.234
2015-12-24,000903.XSHG,中证100,35095.0,3473.8741,3502.7951,121915611.5395
2015-12-25,000903.XSHG,中证100,35095.0,3482.1166,3502.7951,122204882.077
2015-12-28,000903.XSHG,中证100,35095.0,3379.0062,3502.7951,118586222.589
2015-12-29,000903.XSHG,中证100,35095.0,3410.0666,3502.7951,119676287.327
2015-12-30,000903.XSHG,中证100,35095.0,3410.5935,3502.7951,119694778.8825
2015-12-31,399006.XSHE,创业板指,43801.0,2714.048,2714.048,118878016.448
2016-01-04,399006.XSHE,创业板指,43801.0,2491.24,2714.048,109118803.24
2016-02-16,399006.XSHE,创业板指,48059.0,2201.925,2201.925,105822313.575
2016-02-17,399006.XSHE,创业板指,48059.0,2215.341,2201.925,106467073.119
2016-02-18,399006.XSHE,创业板指,48059.0,2190.911,2201.925,105292991.749
2016-02-19,399006.XSHE,创业板指,48059.0,2211.006,2201.925,106258737.354
2016-02-22,399006.XSHE,创业板指,48059.0,2245.564,2201.925,107919560.276
2016-02-23,399006.XSHE,创业板指,48059.0,2218.119,2201.925,106600581.021
2016-03-02,000903.XSHG,中证100,37026.0,2859.4888,2859.4888,105875432.3088
2016-03-03,000903.XSHG,中证100,37026.0,2868.9563,2859.4888,106225975.9638
2016-03-04,000903.XSHG,中证100,37026.0,2939.2155,2859.4888,108827393.103
2016-03-07,000903.XSHG,中证100,37026.0,2930.031,2859.4888,108487327.806
2016-03-08,000903.XSHG,中证100,37026.0,2935.1729,2859.4888,108677711.7954
2016-03-09,000903.XSHG,中证100,37026.0,2919.5573,2859.4888,108099528.5898
2016-03-10,000903.XSHG,中证100,37026.0,2862.0523,2859.4888,105970348.4598
2016-03-11,000903.XSHG,中证100,37026.0,2872.2344,2859.4888,106347350.8944
2016-03-14,000903.XSHG,中证100,37026.0,2894.2918,2859.4888,107164048.1868
2016-03-15,000903.XSHG,中证100,37026.0,2915.7649,2859.4888,107959111.1874
2016-03-16,000903.XSHG,中证100,37026.0,2947.597,2859.4888,109137726.522
2016-03-17,000903.XSHG,中证100,37026.0,2955.7422,2859.4888,109439310.6972
2016-03-18,000903.XSHG,中证100,37026.0,2980.0658,2859.4888,110339916.3108
2016-03-21,000903.XSHG,中证100,37026.0,3047.7244,2859.4888,112845043.6344
2016-03-22,000903.XSHG,中证100,37026.0,3022.5462,2859.4888,111912795.6012
2016-03-23,000903.XSHG,中证100,37026.0,3027.8622,2859.4888,112109625.8172
2016-03-24,000903.XSHG,中证100,37026.0,2978.6361,2859.4888,110286980.2386
2016-03-25,000903.XSHG,中证100,37026.0,2994.73,2859.4888,110882872.98
2016-03-28,399006.XSHE,创业板指,49883.0,2199.685,2199.685,109726886.855
2016-03-29,399006.XSHE,创业板指,49883.0,2152.548,2199.685,107375551.884
2016-03-30,399006.XSHE,创业板指,49883.0,2248.783,2199.685,112176042.389
2016-03-31,399006.XSHE,创业板指,49883.0,2238.286,2199.685,111652420.538
2016-04-01,399006.XSHE,创业板指,49883.0,2205.369,2199.685,110010421.827
2016-04-05,399006.XSHE,创业板指,49883.0,2279.52,2199.685,113709296.16
2016-04-06,399006.XSHE,创业板指,49883.0,2297.041,2199.685,114583296.203
2016-04-07,399006.XSHE,创业板指,49883.0,2248.684,2199.685,112171103.972
2016-04-08,399006.XSHE,创业板指,49883.0,2229.934,2199.685,111235797.722
2016-04-11,399006.XSHE,创业板指,49883.0,2283.143,2199.685,113890022.269
2016-04-12,399006.XSHE,创业板指,49883.0,2264.016,2199.685,112935910.128
2016-04-13,399006.XSHE,创业板指,49883.0,2294.015,2199.685,114432350.245
2016-04-14,399006.XSHE,创业板指,49883.0,2324.394,2199.685,115947745.902
2016-04-15,399006.XSHE,创业板指,49883.0,2309.676,2199.685,115213567.908
2016-04-18,399006.XSHE,创业板指,49883.0,2265.593,2199.685,113014575.619
2016-04-19,399006.XSHE,创业板指,49883.0,2272.52,2199.685,113360115.16
2016-04-20,399006.XSHE,创业板指,49883.0,2145.239,2199.685,107010957.037
2016-04-27,000903.XSHG,中证100,35342.0,2977.447,2977.447,105228931.874
2016-04-28,000903.XSHG,中证100,35342.0,2970.7972,2977.447,104993914.6424
2016-05-04,399006.XSHE,创业板指,47425.0,2211.018,2211.018,104857528.65
2016-06-06,399006.XSHE,创业板指,47944.0,2199.301,2199.301,105443287.144
2016-06-07,399006.XSHE,创业板指,47944.0,2196.727,2199.301,105319879.288
2016-06-08,399006.XSHE,创业板指,47944.0,2186.544,2199.301,104831665.536
2016-06-13,399006.XSHE,创业板指,47944.0,2054.707,2199.301,98510872.408
2016-06-14,399006.XSHE,创业板指,47944.0,2058.314,2199.301,98683806.416
2016-06-15,399006.XSHE,创业板指,47944.0,2128.799,2199.301,102063139.256
2016-06-16,399006.XSHE,创业板指,47944.0,2101.416,2199.301,100750288.704
2016-06-17,399006.XSHE,创业板指,47944.0,2122.89,2199.301,101779838.16
2016-06-20,399006.XSHE,创业板指,47944.0,2119.63,2199.301,101623540.72
2016-06-21,399006.XSHE,创业板指,47944.0,2092.001,2199.301,100298895.944
2016-06-22,399006.XSHE,创业板指,47944.0,2144.818,2199.301,102831154.192
2016-06-23,399006.XSHE,创业板指,47944.0,2137.485,2199.301,102479580.84
2016-06-24,399006.XSHE,创业板指,47944.0,2127.364,2199.301,101994339.616
2016-06-27,399006.XSHE,创业板指,47944.0,2191.806,2199.301,105083946.864
2016-06-28,399006.XSHE,创业板指,47944.0,2216.71,2199.301,106277944.24
2016-06-29,399006.XSHE,创业板指,47944.0,2209.788,2199.301,105946075.872
2016-06-30,399006.XSHE,创业板指,47944.0,2227.79,2199.301,106809163.76
2016-07-01,399006.XSHE,创业板指,47944.0,2211.177,2199.301,106012670.088
2016-07-04,399006.XSHE,创业板指,47944.0,2248.712,2199.301,107812248.128
2016-07-05,399006.XSHE,创业板指,47944.0,2246.024,2199.301,107683374.656
2016-07-06,399006.XSHE,创业板指,47944.0,2241.56,2199.301,107469352.64
2016-07-07,399006.XSHE,创业板指,47944.0,2233.922,2199.301,107103156.368
2016-07-08,399006.XSHE,创业板指,47944.0,2239.002,2199.301,107346711.888
2016-07-11,399006.XSHE,创业板指,47944.0,2218.588,2199.301,106367983.072
2016-07-12,399006.XSHE,创业板指,47944.0,2247.354,2199.301,107747140.176
2016-07-13,399006.XSHE,创业板指,47944.0,2285.369,2199.301,109569731.336
2016-07-14,399006.XSHE,创业板指,47944.0,2293.079,2199.301,109939379.576
2016-07-15,399006.XSHE,创业板指,47944.0,2263.784,2199.301,108534860.096
2016-07-18,399006.XSHE,创业板指,47944.0,2249.871,2199.301,107867815.224
2016-07-19,399006.XSHE,创业板指,47944.0,2273.719,2199.301,109011183.736
2016-07-20,399006.XSHE,创业板指,47944.0,2268.535,2199.301,108762642.04
2016-07-21,399006.XSHE,创业板指,47944.0,2265.128,2199.301,108599296.832
2016-07-22,399006.XSHE,创业板指,47944.0,2249.999,2199.301,107873952.056
2016-07-25,399006.XSHE,创业板指,47944.0,2245.885,2199.301,107676710.44
2016-07-26,399006.XSHE,创业板指,47944.0,2279.55,2199.301,109290745.2
2016-07-27,000903.XSHG,中证100,34487.0,2995.5131,2995.5131,103306260.2797
2016-07-28,000903.XSHG,中证100,34487.0,2995.058,2995.5131,103290565.246
2016-07-29,000903.XSHG,中证100,34487.0,2982.3789,2995.5131,102853301.1243
2016-08-01,000903.XSHG,中证100,34487.0,2967.6057,2995.5131,102343817.7759
2016-08-08,000903.XSHG,中证100,34043.0,3009.724,3009.724,102460034.132
2016-08-09,000903.XSHG,中证100,34043.0,3029.1446,3009.724,103121169.6178
2016-08-15,000903.XSHG,中证100,32297.0,3177.3443,3177.3443,102618688.8571
2016-08-16,000903.XSHG,中证100,32297.0,3156.2121,3177.3443,101936182.1937
2016-08-17,000903.XSHG,中证100,32297.0,3146.1499,3177.3443,101611203.3203
2016-08-18,000903.XSHG,中证100,32297.0,3132.4609,3177.3443,101169089.6873
2016-08-19,000903.XSHG,中证100,32297.0,3132.0395,3177.3443,101155479.7315
2016-08-22,000903.XSHG,中证100,32297.0,3110.6063,3177.3443,100463251.6711
2016-08-23,000903.XSHG,中证100,32297.0,3115.902,3177.3443,100634286.894
2016-08-24,000903.XSHG,中证100,32297.0,3101.3242,3177.3443,100163467.6874
2016-08-25,000903.XSHG,中证100,32297.0,3084.3933,3177.3443,99616650.4101
2016-08-26,000903.XSHG,中证100,32297.0,3079.5133,3177.3443,99459041.0501
2016-08-29,000903.XSHG,中证100,32297.0,3075.0436,3177.3443,99314683.1492
2016-08-30,399006.XSHE,创业板指,45345.0,2195.531,2195.531,99556353.195
2016-08-31,399006.XSHE,创业板指,45345.0,2191.758,2195.531,99385266.51
2016-09-01,000903.XSHG,中证100,32105.0,3079.9206,3079.9206,98880850.863
2016-09-02,000903.XSHG,中证100,32105.0,3096.0044,3079.9206,99397221.262
2016-09-05,000903.XSHG,中证100,32105.0,3098.9462,3079.9206,99491667.751
2016-09-06,000903.XSHG,中证100,32105.0,3111.0203,3079.9206,99879306.7315
2016-09-07,399006.XSHE,创业板指,45136.0,2212.053,2212.053,99843224.208
2016-09-08,399006.XSHE,创业板指,45136.0,2223.468,2212.053,100358451.648
2016-09-09,399006.XSHE,创业板指,45136.0,2202.967,2212.053,99433118.512
2016-09-12,399006.XSHE,创业板指,45136.0,2145.563,2212.053,96842131.568
2016-10-11,399006.XSHE,创业板指,43795.0,2210.861,2210.861,96824657.495
2016-10-12,399006.XSHE,创业板指,43795.0,2209.685,2210.861,96773154.575
2016-10-13,399006.XSHE,创业板指,43795.0,2208.567,2210.861,96724191.765
2016-10-20,399006.XSHE,创业板指,43801.0,2193.255,2193.255,96066762.255
2016-10-21,399006.XSHE,创业板指,43801.0,2180.996,2193.255,95529805.796
2016-10-24,000903.XSHG,中证100,30556.0,3153.7374,3153.7374,96365599.9944
2016-10-25,000903.XSHG,中证100,30556.0,3151.264,3153.7374,96290022.784
2016-10-26,000903.XSHG,中证100,30556.0,3139.5688,3153.7374,95932664.2528
2016-10-27,000903.XSHG,中证100,30556.0,3127.5145,3153.7374,95564333.062
2016-10-28,000903.XSHG,中证100,30556.0,3129.4345,3153.7374,95623000.582
2016-10-31,000903.XSHG,中证100,30556.0,3125.5808,3153.7374,95505246.9248
2016-11-01,000903.XSHG,中证100,30556.0,3146.2881,3153.7374,96137979.1836
2016-11-02,000903.XSHG,中证100,30556.0,3118.0206,3153.7374,95274237.4536
2016-11-03,000903.XSHG,中证100,30556.0,3149.3951,3153.7374,96232916.6756
2016-11-04,000903.XSHG,中证100,30556.0,3143.5623,3153.7374,96054689.6388
2016-11-07,000903.XSHG,中证100,30556.0,3147.0096,3153.7374,96160025.3376
2016-11-08,000903.XSHG,中证100,30556.0,3158.2355,3153.7374,96503043.938
2016-11-09,000903.XSHG,中证100,30556.0,3144.1011,3153.7374,96071153.2116
2016-11-10,000903.XSHG,中证100,30556.0,3177.3383,3153.7374,97086749.0948
2016-11-11,000903.XSHG,中证100,30556.0,3201.3703,3153.7374,97821070.8868
2016-11-14,000903.XSHG,中证100,30556.0,3210.9142,3153.7374,98112694.2952
2016-11-15,000903.XSHG,中证100,30556.0,3209.4022,3153.7374,98066493.6232
2016-11-16,000903.XSHG,中证100,30556.0,3207.0434,3153.7374,97994418.1304
2016-11-17,000903.XSHG,中证100,30556.0,3216.2914,3153.7374,98277000.0184
2016-11-18,000903.XSHG,中证100,30556.0,3202.0817,3153.7374,97842808.4252
2016-11-21,000903.XSHG,中证100,30556.0,3231.8668,3153.7374,98752921.9408
2016-11-22,000903.XSHG,中证100,30556.0,3257.5803,3153.7374,99538623.6468
2016-11-23,000903.XSHG,中证100,30556.0,3272.6578,3153.7374,99999331.7368
2016-11-24,000903.XSHG,中证100,30556.0,3288.0622,3153.7374,100470028.5832
2016-11-25,000903.XSHG,中证100,30556.0,3323.5541,3153.7374,101554519.0796
2016-11-28,000903.XSHG,中证100,30556.0,3337.0283,3153.7374,101966236.7348
2016-11-29,000903.XSHG,中证100,30556.0,3378.8432,3153.7374,103243932.8192
2016-11-30,000903.XSHG,中证100,30556.0,3351.872,3153.7374,102419800.832
2016-12-01,000903.XSHG,中证100,30556.0,3378.7402,3153.7374,103240785.5512
2016-12-02,000903.XSHG,中证100,30556.0,3348.1487,3153.7374,102306031.6772
2016-12-05,000903.XSHG,中证100,30556.0,3281.0087,3153.7374,100254501.8372
2016-12-06,000903.XSHG,中证100,30556.0,3272.8338,3153.7374,100004709.5928
2016-12-07,000903.XSHG,中证100,30556.0,3281.8844,3153.7374,100281259.7264
2016-12-08,000903.XSHG,中证100,30556.0,3280.7682,3153.7374,100247153.1192
2016-12-09,000903.XSHG,中证100,30556.0,3317.5299,3153.7374,101370443.6244
2016-12-12,000903.XSHG,中证100,30556.0,3260.9613,3153.7374,99641933.4828
2016-12-13,000903.XSHG,中证100,30556.0,3248.1877,3153.7374,99251623.3612
2016-12-14,000903.XSHG,中证100,30556.0,3224.9941,3153.7374,98542919.7196
2016-12-15,000903.XSHG,中证100,30556.0,3169.8611,3153.7374,96858275.7716
2017-01-17,000903.XSHG,中证100,30395.0,3184.6093,3184.6093,96796199.6735
2017-01-18,000903.XSHG,中证100,30395.0,3203.436,3184.6093,97368437.22
2017-01-19,000903.XSHG,中证100,30395.0,3192.4653,3184.6093,97034982.7935
2017-01-20,000903.XSHG,中证100,30395.0,3213.6951,3184.6093,97680262.5645
2017-01-23,000903.XSHG,中证100,30395.0,3217.3443,3184.6093,97791179.9985
2017-01-24,000903.XSHG,中证100,30395.0,3221.6078,3184.6093,97920769.081
2017-01-25,000903.XSHG,中证100,30395.0,3231.4576,3184.6093,98220153.752
2017-01-26,000903.XSHG,中证100,30395.0,3241.1462,3184.6093,98514638.749
2017-02-03,000903.XSHG,中证100,30395.0,3212.4018,3184.6093,97640952.711
2017-02-06,000903.XSHG,中证100,30395.0,3215.3981,3184.6093,97732025.2495
2017-02-07,000903.XSHG,中证100,30395.0,3206.1274,3184.6093,97450242.323
2017-02-08,000903.XSHG,中证100,30395.0,3222.0648,3184.6093,97934659.596
2017-02-09,000903.XSHG,中证100,30395.0,3235.548,3184.6093,98344481.46
2017-02-10,000903.XSHG,中证100,30395.0,3253.2151,3184.6093,98881472.9645
2017-02-13,000903.XSHG,中证100,30395.0,3276.4116,3184.6093,99586530.582
2017-02-14,000903.XSHG,中证100,30395.0,3272.4648,3184.6093,99466567.596
2017-02-15,000903.XSHG,中证100,30395.0,3268.0494,3184.6093,99332361.513
2017-02-16,000903.XSHG,中证100,30395.0,3283.5928,3184.6093,99804803.156
2017-02-17,000903.XSHG,中证100,30395.0,3264.7079,3184.6093,99230796.6205
2017-02-20,000903.XSHG,中证100,30395.0,3312.2167,3184.6093,100674826.5965
2017-02-21,000903.XSHG,中证100,30395.0,3317.2291,3184.6093,100827178.4945
2017-02-22,000903.XSHG,中证100,30395.0,3322.1473,3184.6093,100976667.1835
2017-02-23,399006.XSHE,创业板指,52141.0,1925.951,1925.951,100421011.091
2017-02-24,399006.XSHE,创业板指,52141.0,1938.445,1925.951,101072460.745
2017-02-27,399006.XSHE,创业板指,52141.0,1926.772,1925.951,100463818.852
2017-02-28,399006.XSHE,创业板指,52141.0,1927.16,1925.951,100484049.56
2017-03-01,399006.XSHE,创业板指,52141.0,1931.968,1925.951,100734743.488
2017-03-02,399006.XSHE,创业板指,52141.0,1920.405,1925.951,100131837.105
2017-03-03,399006.XSHE,创业板指,52141.0,1928.289,1925.951,100542916.749
2017-03-06,399006.XSHE,创业板指,52141.0,1962.77,1925.951,102340790.57
2017-03-07,399006.XSHE,创业板指,52141.0,1977.853,1925.951,103127233.273
2017-03-08,399006.XSHE,创业板指,52141.0,1964.628,1925.951,102437668.548
2017-03-09,399006.XSHE,创业板指,52141.0,1953.943,1925.951,101880541.963
2017-03-10,399006.XSHE,创业板指,52141.0,1950.008,1925.951,101675367.128
2017-03-13,399006.XSHE,创业板指,52141.0,1970.879,1925.951,102763601.939
2017-03-14,399006.XSHE,创业板指,52141.0,1958.023,1925.951,102093277.243
2017-03-15,399006.XSHE,创业板指,52141.0,1957.82,1925.951,102082692.62
2017-03-16,399006.XSHE,创业板指,52141.0,1966.727,1925.951,102547112.507
2017-03-17,399006.XSHE,创业板指,52141.0,1949.661,1925.951,101657274.201
2017-03-20,399006.XSHE,创业板指,52141.0,1953.816,1925.951,101873920.056
2017-03-21,399006.XSHE,创业板指,52141.0,1961.063,1925.951,102251785.883
2017-03-22,399006.XSHE,创业板指,52141.0,1948.58,1925.951,101600909.78
2017-03-23,399006.XSHE,创业板指,52141.0,1948.369,1925.951,101589908.029
2017-03-24,399006.XSHE,创业板指,52141.0,1965.137,1925.951,102464208.317
2017-03-27,399006.XSHE,创业板指,52141.0,1947.528,1925.951,101546057.448
2017-03-28,399006.XSHE,创业板指,52141.0,1944.363,1925.951,101381031.183
2017-03-29,399006.XSHE,创业板指,52141.0,1929.196,1925.951,100590208.636
2017-04-05,000903.XSHG,中证100,29696.0,3323.8739,3323.8739,98705759.3344
2017-04-06,000903.XSHG,中证100,29696.0,3335.2529,3323.8739,99043670.1184
2017-04-07,000903.XSHG,中证100,29696.0,3334.1037,3323.8739,99009543.4752
2017-04-10,000903.XSHG,中证100,29696.0,3323.2231,3323.8739,98686433.1776
2017-04-11,000903.XSHG,中证100,29696.0,3327.9495,3323.8739,98826788.352
2017-04-12,000903.XSHG,中证100,29696.0,3326.8493,3323.8739,98794116.8128
2017-04-13,000903.XSHG,中证100,29696.0,3323.2839,3323.8739,98688238.6944
2017-04-14,000903.XSHG,中证100,29696.0,3300.5072,3323.8739,98011861.8112
2017-04-17,000903.XSHG,中证100,29696.0,3302.8242,3323.8739,98080667.4432
2017-04-18,000903.XSHG,中证100,29696.0,3286.2593,3323.8739,97588756.1728
2017-04-19,000903.XSHG,中证100,29696.0,3273.1793,3323.8739,97200332.4928
2017-04-20,000903.XSHG,中证100,29696.0,3292.5395,3323.8739,97775252.992
2017-04-21,000903.XSHG,中证100,29696.0,3306.2946,3323.8739,98183724.4416
2017-04-24,000903.XSHG,中证100,29696.0,3284.1481,3323.8739,97526061.9776
2017-04-25,000903.XSHG,中证100,29696.0,3296.6092,3323.8739,97896106.8032
2017-04-26,000903.XSHG,中证100,29696.0,3297.5106,3323.8739,97922874.7776
2017-04-27,000903.XSHG,中证100,29696.0,3298.7089,3323.8739,97958459.4944
2017-04-28,000903.XSHG,中证100,29696.0,3287.3881,3323.8739,97622277.0176
2017-05-02,000903.XSHG,中证100,29696.0,3276.0222,3323.8739,97284755.2512
2017-05-03,000903.XSHG,中证100,29696.0,3266.5591,3323.8739,97003739.0336
2017-05-17,000903.XSHG,中证100,29359.0,3299.127,3299.127,96859069.593
2017-05-18,000903.XSHG,中证100,29359.0,3293.0986,3299.127,96682081.7974
2017-05-19,000903.XSHG,中证100,29359.0,3304.3589,3299.127,97012672.9451
2017-05-22,000903.XSHG,中证100,29359.0,3328.0249,3299.127,97707483.0391
2017-05-23,000903.XSHG,中证100,29359.0,3363.843,3299.127,98759066.637
2017-05-24,000903.XSHG,中证100,29359.0,3359.787,3299.127,98639986.533
2017-05-25,000903.XSHG,中证100,29359.0,3431.3297,3299.127,100740408.6623
2017-05-26,000903.XSHG,中证100,29359.0,3430.6295,3299.127,100719851.4905
2017-05-31,000903.XSHG,中证100,29359.0,3445.5791,3299.127,101158756.7969
2017-06-01,000903.XSHG,中证100,29359.0,3466.8863,3299.127,101784314.8817
2017-06-02,000903.XSHG,中证100,29359.0,3444.8257,3299.127,101136637.7263
2017-06-05,000903.XSHG,中证100,29359.0,3415.5801,3299.127,100278016.1559
2017-06-06,000903.XSHG,中证100,29359.0,3442.7712,3299.127,101076319.6608
2017-06-07,000903.XSHG,中证100,29359.0,3475.207,3299.127,102028602.313
2017-06-08,000903.XSHG,中证100,29359.0,3509.3263,3299.127,103030310.8417
2017-06-09,000903.XSHG,中证100,29359.0,3525.3718,3299.127,103501390.6762
2017-06-12,000903.XSHG,中证100,29359.0,3535.3958,3299.127,103795685.2922
2017-06-13,000903.XSHG,中证100,29359.0,3530.8291,3299.127,103661611.5469
2017-06-14,000903.XSHG,中证100,29359.0,3475.4224,3299.127,102034926.2416
2017-06-15,000903.XSHG,中证100,29359.0,3459.1741,3299.127,101557892.4019
2017-06-16,000903.XSHG,中证100,29359.0,3446.6667,3299.127,101190687.6453
2017-06-19,000903.XSHG,中证100,29359.0,3486.4774,3299.127,102359489.9866
2017-06-20,000903.XSHG,中证100,29359.0,3477.0018,3299.127,102081295.8462
2017-06-21,000903.XSHG,中证100,29359.0,3519.8384,3299.127,103338935.5856
2017-06-22,000903.XSHG,中证100,29359.0,3535.0223,3299.127,103784719.7057
2017-06-23,000903.XSHG,中证100,29359.0,3570.2028,3299.127,104817584.0052
2017-06-26,000903.XSHG,中证100,29359.0,3607.9319,3299.127,105925272.6521
2017-06-27,000903.XSHG,中证100,29359.0,3618.6558,3299.127,106240115.6322
2017-06-28,000903.XSHG,中证100,29359.0,3590.2925,3299.127,105407397.5075
2017-06-29,000903.XSHG,中证100,29359.0,3612.035,3299.127,106045735.565
2017-06-30,399006.XSHE,创业板指,58256.0,1818.067,1818.067,105913311.152
2017-07-03,000903.XSHG,中证100,29844.0,3582.7565,3582.7565,106923784.986
2017-07-04,000903.XSHG,中证100,29844.0,3547.0711,3582.7565,105858789.9084
2017-07-05,399006.XSHE,创业板指,58345.0,1836.631,1836.631,107158235.695
2017-07-06,000903.XSHG,中证100,29852.0,3593.0601,3593.0601,107260030.1052
2017-07-07,399006.XSHE,创业板指,58205.0,1835.439,1835.439,106831726.995
2017-07-10,399006.XSHE,创业板指,58205.0,1803.247,1835.439,104957991.635
2017-07-11,399006.XSHE,创业板指,58205.0,1783.912,1835.439,103832597.96
2017-07-12,000903.XSHG,中证100,28793.0,3610.7294,3610.7294,103963731.6142
2017-07-13,000903.XSHG,中证100,28793.0,3647.1507,3610.7294,105012410.1051
2017-07-14,000903.XSHG,中证100,28793.0,3672.6983,3610.7294,105748002.1519
2017-07-17,000903.XSHG,中证100,28793.0,3665.5196,3610.7294,105541305.8428
2017-07-18,000903.XSHG,中证100,28793.0,3660.2632,3610.7294,105389958.3176
2017-07-19,000903.XSHG,中证100,28793.0,3708.5175,3610.7294,106779344.3775
2017-07-20,000903.XSHG,中证100,28793.0,3723.2132,3610.7294,107202477.6676
2017-07-21,000903.XSHG,中证100,28793.0,3693.5058,3610.7294,106347112.4994
2017-07-24,000903.XSHG,中证100,28793.0,3708.7617,3610.7294,106786375.6281
2017-07-25,000903.XSHG,中证100,28793.0,3689.1412,3610.7294,106221442.5716
2017-07-26,000903.XSHG,中证100,28793.0,3671.4506,3610.7294,105712077.1258
2017-07-27,000903.XSHG,中证100,28793.0,3666.7547,3610.7294,105576868.0771
2017-07-28,000903.XSHG,中证100,28793.0,3674.4617,3610.7294,105798775.7281
2017-07-31,000903.XSHG,中证100,28793.0,3678.1689,3610.7294,105905517.1377
2017-08-01,000903.XSHG,中证100,28793.0,3723.7742,3610.7294,107218630.5406
2017-08-02,000903.XSHG,中证100,28793.0,3718.3925,3610.7294,107063675.2525
2017-08-03,000903.XSHG,中证100,28793.0,3673.651,3610.7294,105775433.243
2017-08-04,000903.XSHG,中证100,28793.0,3651.2357,3610.7294,105130029.5101
2017-08-07,000903.XSHG,中证100,28793.0,3665.2262,3610.7294,105532857.9766
2017-08-08,000903.XSHG,中证100,28793.0,3663.764,3610.7294,105490756.852
2017-08-09,000903.XSHG,中证100,28793.0,3658.9955,3610.7294,105353457.4315
2017-08-10,000903.XSHG,中证100,28793.0,3646.6517,3610.7294,104998042.3981
2017-08-11,000903.XSHG,中证100,28793.0,3583.2579,3610.7294,103172744.7147
2017-08-15,399006.XSHE,创业板指,57846.0,1798.569,1798.569,104040022.374
2017-08-16,399006.XSHE,创业板指,57846.0,1825.187,1798.569,105579767.202
2017-08-17,399006.XSHE,创业板指,57846.0,1833.398,1798.569,106054740.708
2017-08-18,399006.XSHE,创业板指,57846.0,1821.803,1798.569,105384016.338
2017-08-21,399006.XSHE,创业板指,57846.0,1829.217,1798.569,105812886.582
2017-08-22,399006.XSHE,创业板指,57846.0,1814.915,1798.569,104985573.09
2017-08-23,399006.XSHE,创业板指,57846.0,1807.366,1798.569,104548893.636
2017-08-24,399006.XSHE,创业板指,57846.0,1795.739,1798.569,103876318.194
2017-08-25,399006.XSHE,创业板指,57846.0,1812.878,1798.569,104867740.788
2017-08-28,399006.XSHE,创业板指,57846.0,1842.829,1798.569,106600286.334
2017-08-29,399006.XSHE,创业板指,57846.0,1831.591,1798.569,105950212.986
2017-08-30,399006.XSHE,创业板指,57846.0,1838.631,1798.569,106357448.826
2017-08-31,399006.XSHE,创业板指,57846.0,1849.379,1798.569,106979177.634
2017-09-01,399006.XSHE,创业板指,57846.0,1865.25,1798.569,107897251.5
2017-09-04,399006.XSHE,创业板指,57846.0,1883.618,1798.569,108959766.828
2017-09-05,399006.XSHE,创业板指,57846.0,1885.162,1798.569,109049081.052
2017-09-06,399006.XSHE,创业板指,57846.0,1902.857,1798.569,110072666.022
2017-09-07,399006.XSHE,创业板指,57846.0,1890.382,1798.569,109351037.172
2017-09-08,399006.XSHE,创业板指,57846.0,1885.274,1798.569,109055559.804
2017-09-11,399006.XSHE,创业板指,57846.0,1896.375,1798.569,109697708.25
2017-09-12,399006.XSHE,创业板指,57846.0,1884.484,1798.569,109009861.464
2017-09-13,399006.XSHE,创业板指,57846.0,1888.432,1798.569,109238237.472
2017-09-14,000903.XSHG,中证100,29036.0,3742.5957,3742.5957,108670008.7452
2017-09-15,000903.XSHG,中证100,29036.0,3748.0148,3742.5957,108827357.7328
2017-09-18,399006.XSHE,创业板指,57536.0,1894.802,1894.802,109019327.872
2017-09-19,399006.XSHE,创业板指,57536.0,1880.296,1894.802,108184710.656
2017-09-20,399006.XSHE,创业板指,57536.0,1892.669,1894.802,108896603.584
2017-09-21,399006.XSHE,创业板指,57536.0,1872.77,1894.802,107751694.72
2017-09-22,399006.XSHE,创业板指,57536.0,1866.425,1894.802,107386628.8
2017-09-25,399006.XSHE,创业板指,57536.0,1843.621,1894.802,106074577.856
2017-09-26,399006.XSHE,创业板指,57536.0,1839.455,1894.802,105834882.88
2017-09-27,399006.XSHE,创业板指,57536.0,1854.943,1894.802,106726000.448
2017-09-28,399006.XSHE,创业板指,57536.0,1854.734,1894.802,106713975.424
2017-09-29,399006.XSHE,创业板指,57536.0,1866.982,1894.802,107418676.352
2017-10-10,000903.XSHG,中证100,28450.0,3820.6978,3820.6978,108698852.41
2017-10-11,399006.XSHE,创业板指,57489.0,1901.551,1901.551,109318265.439
2017-10-12,000903.XSHG,中证100,28311.0,3856.8399,3856.8399,109190994.4089
2017-10-13,000903.XSHG,中证100,28311.0,3858.4515,3856.8399,109236620.4165
2017-10-16,000903.XSHG,中证100,28311.0,3867.2257,3856.8399,109485026.7927
2017-10-17,000903.XSHG,中证100,28311.0,3869.6823,3856.8399,109554575.5953
2017-10-18,000903.XSHG,中证100,28311.0,3911.8415,3856.8399,110748144.7065
2017-10-19,000903.XSHG,中证100,28311.0,3907.0773,3856.8399,110613265.4403
2017-10-20,000903.XSHG,中证100,28311.0,3889.9273,3856.8399,110127731.7903
2017-10-23,000903.XSHG,中证100,28311.0,3887.347,3856.8399,110054680.917
2017-10-24,000903.XSHG,中证100,28311.0,3918.3981,3856.8399,110933768.6091
2017-10-25,000903.XSHG,中证100,28311.0,3936.0499,3856.8399,111433508.7189
2017-10-26,000903.XSHG,中证100,28311.0,3956.5805,3856.8399,112014750.5355
2017-10-27,000903.XSHG,中证100,28311.0,4007.6588,3856.8399,113460828.2868
2017-10-30,000903.XSHG,中证100,28311.0,4010.5015,3856.8399,113541307.9665
2017-10-31,000903.XSHG,中证100,28311.0,3997.0003,3856.8399,113159075.4933
2017-11-01,000903.XSHG,中证100,28311.0,3985.9153,3856.8399,112845248.0583
2017-11-02,000903.XSHG,中证100,28311.0,3991.8816,3856.8399,113014159.9776
2017-11-03,000903.XSHG,中证100,28311.0,3993.88,3856.8399,113070736.68
2017-11-06,000903.XSHG,中证100,28311.0,4012.0114,3856.8399,113584054.7454
2017-11-07,000903.XSHG,中证100,28311.0,4047.5161,3856.8399,114589228.3071
2017-11-08,000903.XSHG,中证100,28311.0,4036.0163,3856.8399,114263657.4693
2017-11-09,000903.XSHG,中证100,28311.0,4063.5909,3856.8399,115044321.9699
2017-11-10,000903.XSHG,中证100,28311.0,4102.2461,3856.8399,116138689.3371
2017-11-13,000903.XSHG,中证100,28311.0,4113.1518,3856.8399,116447440.6098
2017-11-14,000903.XSHG,中证100,28311.0,4087.5208,3856.8399,115721801.3688
2017-11-15,000903.XSHG,中证100,28311.0,4074.7602,3856.8399,115360536.0222
2017-11-16,000903.XSHG,中证100,28311.0,4114.4225,3856.8399,116483415.3975
2017-11-17,000903.XSHG,中证100,28311.0,4167.0196,3856.8399,117972491.8956
2017-11-20,000903.XSHG,中证100,28311.0,4186.3323,3856.8399,118519253.7453
2017-11-21,000903.XSHG,中证100,28311.0,4273.7586,3856.8399,120994379.7246
2017-11-22,000903.XSHG,中证100,28311.0,4292.3925,3856.8399,121521924.0675
2017-11-23,000903.XSHG,中证100,28311.0,4166.0185,3856.8399,117944149.7535
2017-11-24,000903.XSHG,中证100,28311.0,4168.5851,3856.8399,118016812.7661
2017-11-27,000903.XSHG,中证100,28311.0,4117.3891,3856.8399,116567402.8101
2017-11-28,000903.XSHG,中证100,28311.0,4105.3488,3856.8399,116226529.8768
2017-11-29,000903.XSHG,中证100,28311.0,4102.9843,3856.8399,116159588.5173
2017-11-30,000903.XSHG,中证100,28311.0,4054.7744,3856.8399,114794718.0384
2017-12-01,000903.XSHG,中证100,28311.0,4030.5252,3856.8399,114108198.9372
2017-12-04,000903.XSHG,中证100,28311.0,4063.1883,3856.8399,115032923.9613
2017-12-05,000903.XSHG,中证100,28311.0,4114.4785,3856.8399,116485000.8135
2017-12-06,000903.XSHG,中证100,28311.0,4071.2867,3856.8399,115262197.7637
2017-12-07,000903.XSHG,中证100,28311.0,4018.6976,3856.8399,113773347.7536
2017-12-14,000903.XSHG,中证100,28144.0,4073.7642,4073.7642,114652019.6448
2017-12-27,000903.XSHG,中证100,27967.0,4044.9719,4044.9719,113125729.1273
2017-12-29,000903.XSHG,中证100,27935.0,4081.2475,4081.2475,114009648.9125
2018-01-02,000903.XSHG,中证100,27935.0,4147.7287,4081.2475,115866801.2345
2018-01-03,000903.XSHG,中证100,27935.0,4157.572,4081.2475,116141773.82
2018-01-04,399006.XSHE,创业板指,65055.0,1794.609,1794.609,116748288.495
2018-01-05,000903.XSHG,中证100,27904.0,4198.4763,4198.4763,117154282.6752
2018-01-08,000903.XSHG,中证100,27904.0,4221.6831,4198.4763,117801845.2224
2018-01-09,000903.XSHG,中证100,27904.0,4263.8036,4198.4763,118977175.6544
2018-01-10,000903.XSHG,中证100,27904.0,4303.6382,4198.4763,120088720.3328
2018-01-11,000903.XSHG,中证100,27904.0,4297.0239,4198.4763,119904154.9056
2018-01-12,000903.XSHG,中证100,27904.0,4334.226,4198.4763,120942242.304
2018-01-15,000903.XSHG,中证100,27904.0,4369.9089,4198.4763,121937937.9456
2018-01-16,000903.XSHG,中证100,27904.0,4400.9443,4198.4763,122803949.7472
2018-01-17,000903.XSHG,中证100,27904.0,4393.9264,4198.4763,122608122.2656
2018-01-18,000903.XSHG,中证100,27904.0,4424.4878,4198.4763,123460907.5712
2018-01-19,000903.XSHG,中证100,27904.0,4436.8901,4198.4763,123806981.3504
2018-01-22,000903.XSHG,中证100,27904.0,4491.6429,4198.4763,125334803.4816
2018-01-23,000903.XSHG,中证100,27904.0,4548.3288,4198.4763,126916566.8352
2018-01-24,000903.XSHG,中证100,27904.0,4546.3853,4198.4763,126862335.4112
2018-01-25,000903.XSHG,中证100,27904.0,4516.4541,4198.4763,126027135.2064
2018-01-26,000903.XSHG,中证100,27904.0,4540.8525,4198.4763,126707948.16
2018-01-29,000903.XSHG,中证100,27904.0,4448.9158,4198.4763,124142546.4832
2018-01-30,000903.XSHG,中证100,27904.0,4390.1737,4198.4763,122503406.9248
2018-01-31,000903.XSHG,中证100,27904.0,4441.547,4198.4763,123936927.488
2018-02-01,000903.XSHG,中证100,27904.0,4444.4123,4198.4763,124016880.8192
2018-02-02,000903.XSHG,中证100,27904.0,4463.0581,4198.4763,124537173.2224
2018-02-05,000903.XSHG,中证100,27904.0,4476.9122,4198.4763,124923758.0288
2018-02-06,000903.XSHG,中证100,27904.0,4367.1336,4198.4763,121860495.9744
2018-02-07,000903.XSHG,中证100,27904.0,4239.9005,4198.4763,118310183.552
2018-03-07,399006.XSHE,创业板指,65187.0,1785.2696,1785.2696,116376369.4152
2018-03-08,399006.XSHE,创业板指,65187.0,1793.2216,1785.2696,116894736.4392
2018-03-09,399006.XSHE,创业板指,65187.0,1856.4554,1785.2696,121016758.1598
2018-03-12,399006.XSHE,创业板指,65187.0,1882.409,1785.2696,122708595.483
2018-03-13,399006.XSHE,创业板指,65187.0,1872.6782,1785.2696,122074273.8234
2018-03-14,399006.XSHE,创业板指,65187.0,1841.2893,1785.2696,120028125.5991
2018-03-15,399006.XSHE,创业板指,65187.0,1848.7105,1785.2696,120511891.3635
2018-03-16,399006.XSHE,创业板指,65187.0,1821.3223,1785.2696,118726536.7701
2018-03-19,399006.XSHE,创业板指,65187.0,1842.9199,1785.2696,120134419.5213
2018-03-20,399006.XSHE,创业板指,65187.0,1864.6204,1785.2696,121549010.0148
2018-03-21,399006.XSHE,创业板指,65187.0,1829.9129,1785.2696,119286532.2123
2018-03-22,399006.XSHE,创业板指,65187.0,1817.2279,1785.2696,118459635.1173
2018-03-23,399006.XSHE,创业板指,65187.0,1726.0209,1785.2696,112514124.4083
2018-03-26,399006.XSHE,创业板指,65187.0,1780.6093,1785.2696,116072578.4391
2018-03-27,399006.XSHE,创业板指,65187.0,1844.6929,1785.2696,120249996.0723
2018-03-28,399006.XSHE,创业板指,65187.0,1835.1539,1785.2696,119628177.2793
2018-03-29,399006.XSHE,创业板指,65187.0,1842.1872,1785.2696,120086657.0064
2018-03-30,399006.XSHE,创业板指,65187.0,1900.4817,1785.2696,123886700.5779
2018-04-02,399006.XSHE,创业板指,65187.0,1900.2546,1785.2696,123871896.6102
2018-04-03,399006.XSHE,创业板指,65187.0,1872.4701,1785.2696,122060708.4087
2018-04-04,399006.XSHE,创业板指,65187.0,1836.8127,1785.2696,119736309.4749
2018-04-09,399006.XSHE,创业板指,65187.0,1841.6531,1785.2696,120051840.6297
2018-04-10,399006.XSHE,创业板指,65187.0,1835.5201,1785.2696,119652048.7587
2018-04-25,399006.XSHE,创业板指,65711.0,1819.4064,1819.4064,119555013.9504
2018-04-26,399006.XSHE,创业板指,65711.0,1781.2761,1819.4064,117049433.8071
2018-05-09,399006.XSHE,创业板指,63912.0,1855.8086,1855.8086,118608439.2432
2018-05-10,399006.XSHE,创业板指,63912.0,1865.3588,1855.8086,119218811.6256
2018-05-11,399006.XSHE,创业板指,63912.0,1834.7797,1855.8086,117264440.1864
2018-05-14,399006.XSHE,创业板指,63912.0,1830.9804,1855.8086,117021619.3248
2018-05-16,399006.XSHE,创业板指,64284.0,1846.6748,1846.6748,118711642.8432
2018-05-17,000903.XSHG,中证100,30117.0,3907.4316,3907.4316,117680117.4972
2018-05-18,000903.XSHG,中证100,30117.0,3956.6752,3907.4316,119163186.9984
2018-05-21,000903.XSHG,中证100,30117.0,3966.3412,3907.4316,119454297.9204
2018-05-22,000903.XSHG,中证100,30117.0,3941.4095,3907.4316,118703429.9115
2018-05-23,399006.XSHE,创业板指,63355.0,1845.9733,1845.9733,116951638.4215
2018-05-24,399006.XSHE,创业板指,63355.0,1838.4028,1845.9733,116472009.394
2018-05-25,399006.XSHE,创业板指,63355.0,1804.5488,1845.9733,114327189.224
2018-05-29,000903.XSHG,中证100,29579.0,3847.5919,3847.5919,113807920.8101
2018-05-30,000903.XSHG,中证100,29579.0,3772.238,3847.5919,111579027.802
2018-06-01,000903.XSHG,中证100,29744.0,3838.3091,3838.3091,114166665.8704
2018-06-04,000903.XSHG,中证100,29744.0,3903.4494,3838.3091,116104198.9536
2018-06-05,000903.XSHG,中证100,29744.0,3934.2264,3838.3091,117019630.0416
2018-06-06,000903.XSHG,中证100,29744.0,3920.8381,3838.3091,116621408.4464
2018-06-07,000903.XSHG,中证100,29744.0,3919.8503,3838.3091,116592027.3232
2018-07-18,399006.XSHE,创业板指,71455.0,1607.8841,1607.8841,114891358.3655
2018-07-19,399006.XSHE,创业板指,71455.0,1590.0633,1607.8841,113617973.1015
2018-07-20,399006.XSHE,创业板指,71455.0,1609.5479,1607.8841,115010245.1945
2018-07-23,399006.XSHE,创业板指,71455.0,1620.9733,1607.8841,115826647.1515
2018-07-24,399006.XSHE,创业板指,71455.0,1629.6096,1607.8841,116443753.968
2018-07-25,399006.XSHE,创业板指,71455.0,1632.3204,1607.8841,116637454.182
2018-07-26,399006.XSHE,创业板指,71455.0,1606.1153,1607.8841,114764968.7615
2018-07-27,399006.XSHE,创业板指,71455.0,1594.5674,1607.8841,113939813.567
2018-07-30,000903.XSHG,中证100,30651.0,3634.6848,3634.6848,111406723.8048
2018-07-31,000903.XSHG,中证100,30651.0,3637.531,3634.6848,111493962.681
2018-08-01,000903.XSHG,中证100,30651.0,3560.3798,3634.6848,109129201.2498
2018-08-02,000903.XSHG,中证100,30651.0,3483.8276,3634.6848,106782799.7676
2018-08-03,000903.XSHG,中证100,30651.0,3431.9221,3634.6848,105191844.2871
2018-09-03,000903.XSHG,中证100,30099.0,3471.5672,3471.5672,104490701.1528
2018-09-04,000903.XSHG,中证100,30099.0,3517.8599,3471.5672,105884065.1301
2018-09-05,000903.XSHG,中证100,30099.0,3442.6378,3471.5672,103619955.1422
2018-09-17,000903.XSHG,中证100,30335.0,3373.8146,3373.8146,102344665.891
2018-09-20,000903.XSHG,中证100,29938.0,3488.2769,3488.2769,104432033.8322
2018-09-21,000903.XSHG,中证100,29938.0,3604.8484,3488.2769,107921951.3992
2018-09-25,000903.XSHG,中证100,29938.0,3567.6959,3488.2769,106809679.8542
2018-09-26,000903.XSHG,中证100,29938.0,3610.6055,3488.2769,108094307.459
2018-09-27,000903.XSHG,中证100,29938.0,3602.4844,3488.2769,107851177.9672
2018-09-28,000903.XSHG,中证100,29938.0,3641.081,3488.2769,109006682.978
2018-10-08,000903.XSHG,中证100,29938.0,3477.2146,3488.2769,104100850.6948
2018-10-09,000903.XSHG,中证100,29938.0,3478.5527,3488.2769,104140910.7326
2018-10-10,000903.XSHG,中证100,29938.0,3474.4235,3488.2769,104017290.743
2018-10-23,000903.XSHG,中证100,29170.0,3417.9489,3417.9489,99701569.413
2018-10-24,000903.XSHG,中证100,29170.0,3429.4042,3417.9489,100035720.514
2018-11-09,399006.XSHE,创业板指,75792.0,1322.8308,1322.8308,100259991.9936
2018-11-12,399006.XSHE,创业板指,75792.0,1368.7907,1322.8308,103743384.7344
2018-11-13,399006.XSHE,创业板指,75792.0,1392.0549,1322.8308,105506624.9808
2018-11-14,399006.XSHE,创业板指,75792.0,1385.7324,1322.8308,105027430.0608
2018-11-15,399006.XSHE,创业板指,75792.0,1405.2479,1322.8308,106506548.8368
2018-11-16,399006.XSHE,创业板指,75792.0,1403.2829,1322.8308,106357617.5568
2018-11-19,399006.XSHE,创业板指,75792.0,1394.4,1322.8308,105684364.8
2018-11-20,399006.XSHE,创业板指,75792.0,1355.3343,1322.8308,102723497.2656
2018-11-21,399006.XSHE,创业板指,75792.0,1363.0284,1322.8308,103306648.4928
2018-11-22,399006.XSHE,创业板指,75792.0,1353.9237,1322.8308,102616585.0704
2018-11-23,399006.XSHE,创业板指,75792.0,1308.7387,1322.8308,99191923.5504
2018-11-26,399006.XSHE,创业板指,75792.0,1304.5572,1322.8308,98874999.3024
2018-11-27,399006.XSHE,创业板指,75792.0,1315.4328,1322.8308,99699282.7776
2018-11-28,399006.XSHE,创业板指,75792.0,1341.0832,1322.8308,101643377.8944
2018-11-29,399006.XSHE,创业板指,75792.0,1312.7163,1322.8308,99493393.8096
2018-11-30,399006.XSHE,创业板指,75792.0,1329.3885,1322.8308,100757013.192
2018-12-04,399006.XSHE,创业板指,75440.0,1378.7535,1378.7535,104013164.04
2018-12-05,399006.XSHE,创业板指,75440.0,1381.7668,1378.7535,104240487.392
2018-12-06,399006.XSHE,创业板指,75440.0,1345.7608,1378.7535,101524194.752
2018-12-07,399006.XSHE,创业板指,75440.0,1341.0187,1378.7535,101166450.728
2018-12-10,399006.XSHE,创业板指,75440.0,1326.8478,1378.7535,100097398.032
2019-01-21,000903.XSHG,中证100,29880.0,3377.2278,3377.2278,100911566.664
2019-01-22,000903.XSHG,中证100,29880.0,3331.9031,3377.2278,99557264.628
2019-01-23,000903.XSHG,中证100,29880.0,3327.9015,3377.2278,99437696.82
2019-01-24,000903.XSHG,中证100,29880.0,3346.2345,3377.2278,99985486.86
2019-01-25,000903.XSHG,中证100,29880.0,3382.1192,3377.2278,101057721.696
2019-01-28,000903.XSHG,中证100,29880.0,3380.0248,3377.2278,100995141.024
2019-01-29,000903.XSHG,中证100,29880.0,3402.4061,3377.2278,101663894.268
2019-01-30,000903.XSHG,中证100,29880.0,3376.9755,3377.2278,100904027.94
2019-01-31,000903.XSHG,中证100,29880.0,3431.2218,3377.2278,102524907.384
2019-02-01,000903.XSHG,中证100,29880.0,3465.2426,3377.2278,103541448.888
2019-02-11,000903.XSHG,中证100,29880.0,3518.7554,3377.2278,105140411.352
2019-02-12,000903.XSHG,中证100,29880.0,3534.6647,3377.2278,105615781.236
2019-02-13,000903.XSHG,中证100,29880.0,3603.3912,3377.2278,107669329.056
2019-02-14,000903.XSHG,中证100,29880.0,3611.0075,3377.2278,107896904.1
2019-02-15,000903.XSHG,中证100,29880.0,3531.4368,3377.2278,105519331.584
2019-02-18,000903.XSHG,中证100,29880.0,3633.1188,3377.2278,108557589.744
2019-02-19,399006.XSHE,创业板指,77116.0,1406.0375,1406.0375,108427987.85
2019-02-20,399006.XSHE,创业板指,77116.0,1408.3818,1406.0375,108608770.8888
2019-02-21,399006.XSHE,创业板指,77116.0,1412.535,1406.0375,108929049.06
2019-02-22,399006.XSHE,创业板指,77116.0,1456.2989,1406.0375,112303945.9724
2019-02-25,399006.XSHE,创业板指,77116.0,1536.3711,1406.0375,118478793.7476
2019-02-26,399006.XSHE,创业板指,77116.0,1546.9869,1406.0375,119297441.7804
2019-02-27,399006.XSHE,创业板指,77116.0,1520.4193,1406.0375,117248654.7388
2019-02-28,399006.XSHE,创业板指,77116.0,1535.6804,1406.0375,118425529.7264
2019-03-01,399006.XSHE,创业板指,77116.0,1567.8731,1406.0375,120908101.9796
2019-03-04,399006.XSHE,创业板指,77116.0,1619.7099,1406.0375,124905548.6484
2019-03-05,399006.XSHE,创业板指,77116.0,1676.5659,1406.0375,129290055.9444
2019-03-06,399006.XSHE,创业板指,77116.0,1700.4964,1406.0375,131135480.3824
2019-03-07,399006.XSHE,创业板指,77116.0,1692.4163,1406.0375,130512375.3908
2019-03-08,399006.XSHE,创业板指,77116.0,1654.4853,1406.0375,127587288.3948
2019-03-11,399006.XSHE,创业板指,77116.0,1727.8014,1406.0375,133241132.7624
2019-03-12,399006.XSHE,创业板指,77116.0,1773.4325,1406.0375,136760020.67
2019-03-13,399006.XSHE,创业板指,77116.0,1693.8604,1406.0375,130623738.6064
2019-03-14,399006.XSHE,创业板指,77116.0,1650.1862,1406.0375,127255758.9992
2019-03-15,399006.XSHE,创业板指,77116.0,1662.6229,1406.0375,128214827.5564
2019-03-18,399006.XSHE,创业板指,77116.0,1707.056,1406.0375,131641330.496
2019-03-19,399006.XSHE,创业板指,77116.0,1708.8743,1406.0375,131781550.5188
2019-03-20,399006.XSHE,创业板指,77116.0,1687.9,1406.0375,130164096.4
2019-03-21,399006.XSHE,创业板指,77116.0,1703.8545,1406.0375,131394443.622
2019-03-22,399006.XSHE,创业板指,77116.0,1693.8654,1406.0375,130624124.1864
2019-03-25,399006.XSHE,创业板指,77116.0,1668.8413,1406.0375,128694365.6908
2019-03-26,399006.XSHE,创业板指,77116.0,1630.1903,1406.0375,125713755.1748
2019-03-27,399006.XSHE,创业板指,77116.0,1637.7728,1406.0375,126298487.2448
2019-03-28,399006.XSHE,创业板指,77116.0,1626.8187,1406.0375,125453750.8692
2019-03-29,399006.XSHE,创业板指,77116.0,1693.5475,1406.0375,130599609.01
2019-04-01,399006.XSHE,创业板指,77116.0,1760.892,1406.0375,135792947.472
2019-04-02,399006.XSHE,创业板指,77116.0,1754.1565,1406.0375,135273532.654
2019-04-03,399006.XSHE,创业板指,77116.0,1768.1781,1406.0375,136354822.3596
2019-04-04,399006.XSHE,创业板指,77116.0,1777.2628,1406.0375,137055398.0848
2019-04-08,000903.XSHG,中证100,31861.0,4209.2389,4209.2389,134110560.5929
2019-04-09,000903.XSHG,中证100,31861.0,4239.5792,4209.2389,135077232.8912
2019-04-10,000903.XSHG,中证100,31861.0,4259.8873,4209.2389,135724269.2653
2019-04-11,000903.XSHG,中证100,31861.0,4171.6199,4209.2389,132911981.6339
2019-04-12,000903.XSHG,中证100,31861.0,4160.739,4209.2389,132565305.279
2019-04-15,000903.XSHG,中证100,31861.0,4162.8572,4209.2389,132632793.2492
2019-04-16,000903.XSHG,中证100,31861.0,4290.5852,4209.2389,136702335.0572
2019-04-17,000903.XSHG,中证100,31861.0,4285.4914,4209.2389,136540041.4954
2019-04-18,000903.XSHG,中证100,31861.0,4272.545,4209.2389,136127556.245
2019-04-19,000903.XSHG,中证100,31861.0,4336.8594,4209.2389,138176677.3434
2019-04-22,000903.XSHG,中证100,31861.0,4228.9735,4209.2389,134739324.6835
2019-04-23,000903.XSHG,中证100,31861.0,4236.3151,4209.2389,134973235.4011
2019-04-24,000903.XSHG,中证100,31861.0,4235.7793,4209.2389,134956164.2773
2019-04-25,000903.XSHG,中证100,31861.0,4154.8734,4209.2389,132378421.3974
2019-04-26,000903.XSHG,中证100,31861.0,4103.0518,4209.2389,130727333.3998
2019-04-29,000903.XSHG,中证100,31861.0,4151.1473,4209.2389,132259704.1253
2019-04-30,000903.XSHG,中证100,31861.0,4154.3795,4209.2389,132362685.2495
2019-05-06,000903.XSHG,中证100,31861.0,3927.1691,4209.2389,125123534.6951
2019-06-12,000903.XSHG,中证100,31952.0,3944.8431,3944.8431,126045626.7312
2019-06-13,000903.XSHG,中证100,31952.0,3934.0798,3944.8431,125701717.7696
2019-06-18,000903.XSHG,中证100,31806.0,3927.6434,3927.6434,124922625.9804
2019-06-19,000903.XSHG,中证100,31806.0,3980.2768,3927.6434,126596683.9008
2019-06-20,000903.XSHG,中证100,31806.0,4113.1196,3927.6434,130821881.9976
2019-06-21,000903.XSHG,中证100,31806.0,4108.1562,3927.6434,130664016.0972
2019-06-24,000903.XSHG,中证100,31806.0,4120.3757,3927.6434,131052669.5142
2019-06-25,000903.XSHG,中证100,31806.0,4073.1152,3927.6434,129549502.0512
2019-06-26,000903.XSHG,中证100,31806.0,4063.8328,3927.6434,129254266.0368
2019-06-27,000903.XSHG,中证100,31806.0,4110.66,3927.6434,130743651.96
2019-06-28,000903.XSHG,中证100,31806.0,4103.7086,3927.6434,130522555.7316
2019-07-01,000903.XSHG,中证100,31806.0,4220.4818,3927.6434,134236644.1308
2019-07-02,000903.XSHG,中证100,31806.0,4221.4276,3927.6434,134266726.2456
2019-07-03,000903.XSHG,中证100,31806.0,4171.6367,3927.6434,132683076.8802
2019-07-04,000903.XSHG,中证100,31806.0,4153.5918,3927.6434,132109140.7908
2019-07-05,000903.XSHG,中证100,31806.0,4178.7391,3927.6434,132908975.8146
2019-07-08,000903.XSHG,中证100,31806.0,4088.8798,3927.6434,130050910.9188
2019-07-09,000903.XSHG,中证100,31806.0,4073.2736,3927.6434,129554540.1216
2019-07-10,000903.XSHG,中证100,31806.0,4070.8694,3927.6434,129478072.1364
2019-07-11,000903.XSHG,中证100,31806.0,4068.6466,3927.6434,129407373.7596
2019-07-12,000903.XSHG,中证100,31806.0,4096.7986,3927.6434,130302776.2716
2019-07-15,000903.XSHG,中证100,31806.0,4102.327,3927.6434,130478612.562
2019-07-16,399006.XSHE,创业板指,83890.0,1545.2729,1545.2729,129632943.581
2019-07-17,399006.XSHE,创业板指,83890.0,1550.2173,1545.2729,130047729.297
2019-07-18,399006.XSHE,创业板指,83890.0,1524.4792,1545.2729,127888560.088
2019-07-19,399006.XSHE,创业板指,83890.0,1541.9814,1545.2729,129356819.646
2019-07-22,399006.XSHE,创业板指,83890.0,1515.9654,1545.2729,127174337.406
2019-07-23,399006.XSHE,创业板指,83890.0,1534.9261,1545.2729,128764950.529
2019-07-24,399006.XSHE,创业板指,83890.0,1553.7177,1545.2729,130341377.853
2019-07-25,399006.XSHE,创业板指,83890.0,1566.0771,1545.2729,131378207.919
2019-07-26,399006.XSHE,创业板指,83890.0,1561.8552,1545.2729,131024032.728
2019-07-29,399006.XSHE,创业板指,83890.0,1566.5244,1545.2729,131415731.916
2019-07-30,399006.XSHE,创业板指,83890.0,1580.1286,1545.2729,132556988.254
2019-07-31,399006.XSHE,创业板指,83890.0,1570.3934,1545.2729,131740302.326
2019-08-01,399006.XSHE,创业板指,83890.0,1573.8657,1545.2729,132031593.573
2019-08-02,399006.XSHE,创业板指,83890.0,1556.7442,1545.2729,130595270.938
2019-08-05,399006.XSHE,创业板指,83890.0,1531.3724,1545.2729,128466830.636
2019-08-06,399006.XSHE,创业板指,83890.0,1507.9105,1545.2729,126498611.845
2019-08-09,399006.XSHE,创业板指,83448.0,1507.706,1507.706,125815050.288
2019-08-16,399006.XSHE,创业板指,81928.0,1567.9928,1567.9928,128462514.1184
2019-08-19,399006.XSHE,创业板指,81928.0,1622.8437,1567.9928,132956338.6536
2019-08-20,399006.XSHE,创业板指,81928.0,1611.5925,1567.9928,132034550.34
2019-08-21,399006.XSHE,创业板指,81928.0,1609.8333,1567.9928,131890422.6024
2019-08-22,399006.XSHE,创业板指,81928.0,1613.4575,1567.9928,132187346.06
2019-08-23,399006.XSHE,创业板指,81928.0,1615.5592,1567.9928,132359534.1376
2019-08-26,399006.XSHE,创业板指,81928.0,1600.7952,1567.9928,131149949.1456
2019-08-27,399006.XSHE,创业板指,81928.0,1628.1214,1567.9928,133388730.0592
2019-08-28,399006.XSHE,创业板指,81928.0,1625.1881,1567.9928,133148410.6568
2019-08-29,399006.XSHE,创业板指,81928.0,1620.8606,1567.9928,132793867.2368
2019-08-30,399006.XSHE,创业板指,81928.0,1610.8982,1567.9928,131977667.7296
2019-09-02,399006.XSHE,创业板指,81928.0,1652.2882,1567.9928,135368667.6496
2019-09-03,399006.XSHE,创业板指,81928.0,1660.4265,1567.9928,136035422.292
2019-09-04,399006.XSHE,创业板指,81928.0,1669.4104,1567.9928,136771455.2512
2019-09-05,399006.XSHE,创业板指,81928.0,1689.054,1567.9928,138380816.112
2019-09-06,399006.XSHE,创业板指,81928.0,1692.2391,1567.9928,138641764.9848
2019-09-09,399006.XSHE,创业板指,81928.0,1733.2301,1567.9928,142000075.6328
2019-09-10,399006.XSHE,创业板指,81928.0,1725.3082,1567.9928,141351050.2096
2019-09-11,399006.XSHE,创业板指,81928.0,1703.5377,1567.9928,139567436.6856
2019-09-12,399006.XSHE,创业板指,81928.0,1710.5723,1567.9928,140143767.3944
2019-09-16,399006.XSHE,创业板指,81928.0,1714.3683,1567.9928,140454766.0824
2019-09-17,399006.XSHE,创业板指,81928.0,1677.9866,1567.9928,137474086.1648
2019-09-18,399006.XSHE,创业板指,81928.0,1679.3059,1567.9928,137582173.7752
2019-09-19,399006.XSHE,创业板指,81928.0,1705.5991,1567.9928,139736323.0648
2019-09-20,399006.XSHE,创业板指,81928.0,1705.0471,1567.9928,139691098.8088
2019-09-23,399006.XSHE,创业板指,81928.0,1684.3236,1567.9928,137993263.9008
2019-09-24,399006.XSHE,创业板指,81928.0,1694.5964,1567.9928,138834893.8592
2019-09-25,399006.XSHE,创业板指,81928.0,1672.6464,1567.9928,137036574.2592
2019-09-26,399006.XSHE,创业板指,81928.0,1623.7908,1567.9928,133033932.6624
2019-09-27,000903.XSHG,中证100,32793.0,4114.714,4114.714,134933816.202
2019-09-30,000903.XSHG,中证100,32793.0,4073.0412,4114.714,133567240.0716
2019-10-08,399006.XSHE,创业板指,83363.0,1616.5842,1616.5842,134763308.6646
2019-10-18,000903.XSHG,中证100,32633.0,4143.1805,4143.1805,135204409.2565
2019-10-23,000903.XSHG,中证100,32749.0,4144.0483,4144.0483,135713437.7767
2019-10-29,000903.XSHG,中证100,32498.0,4176.0915,4176.0915,135714621.567
2019-10-30,000903.XSHG,中证100,32498.0,4153.5997,4176.0915,134983683.0506
2019-10-31,000903.XSHG,中证100,32498.0,4157.7655,4176.0915,135119063.219
2019-11-01,399006.XSHE,创业板指,81546.0,1686.9984,1686.9984,137567971.5264
2019-11-04,000903.XSHG,中证100,32542.0,4258.4215,4258.4215,138577552.453
2019-11-05,000903.XSHG,中证100,32542.0,4282.8129,4258.4215,139371297.3918
2019-11-06,399006.XSHE,创业板指,81507.0,1703.0175,1703.0175,138807847.3725
2019-11-07,399006.XSHE,创业板指,81507.0,1715.5753,1703.0175,139831395.9771
2019-11-08,000903.XSHG,中证100,32853.0,4244.078,4244.078,139430694.534
2019-11-11,399006.XSHE,创业板指,81881.0,1673.1288,1673.1288,136997459.2728
2019-11-12,399006.XSHE,创业板指,81881.0,1671.4421,1673.1288,136859350.5901
2019-11-13,399006.XSHE,创业板指,81881.0,1681.7939,1673.1288,137706966.3259
2019-11-14,399006.XSHE,创业板指,81881.0,1692.5827,1673.1288,138590364.0587
2019-11-15,399006.XSHE,创业板指,81881.0,1674.7838,1673.1288,137132972.3278
2019-11-18,399006.XSHE,创业板指,81881.0,1682.4917,1673.1288,137764102.8877
2019-11-19,399006.XSHE,创业板指,81881.0,1729.0785,1673.1288,141578676.6585
2019-11-20,399006.XSHE,创业板指,81881.0,1719.6649,1673.1288,140807881.6769
2019-11-21,399006.XSHE,创业板指,81881.0,1713.2023,1673.1288,140278717.5263
2019-11-22,399006.XSHE,创业板指,81881.0,1679.8026,1673.1288,137543916.6906
2019-11-25,399006.XSHE,创业板指,81881.0,1661.7742,1673.1288,136067733.2702
2019-12-09,399006.XSHE,创业板指,79858.0,1721.0707,1721.0707,137441263.9606
2019-12-10,399006.XSHE,创业板指,79858.0,1734.0216,1721.0707,138475496.9328
2019-12-11,399006.XSHE,创业板指,79858.0,1718.2595,1721.0707,137216767.151
2019-12-12,399006.XSHE,创业板指,79858.0,1720.986,1721.0707,137434499.988
2019-12-13,399006.XSHE,创业板指,79858.0,1755.4132,1721.0707,140183787.3256
2019-12-16,399006.XSHE,创业板指,79858.0,1780.333,1721.0707,142173832.714
2019-12-17,399006.XSHE,创业板指,79858.0,1801.6162,1721.0707,143873466.4996
2019-12-18,399006.XSHE,创业板指,79858.0,1792.4178,1721.0707,143138900.6724
2019-12-19,399006.XSHE,创业板指,79858.0,1790.4375,1721.0707,142980757.875
2019-12-20,399006.XSHE,创业板指,79858.0,1771.7065,1721.0707,141484937.677
2019-12-23,399006.XSHE,创业板指,79858.0,1736.624,1721.0707,138683319.392
2019-12-24,399006.XSHE,创业板指,79858.0,1769.8688,1721.0707,141338182.6304
2019-12-25,399006.XSHE,创业板指,79858.0,1784.3947,1721.0707,142498191.9526
2019-12-26,399006.XSHE,创业板指,79858.0,1793.6354,1721.0707,143236135.7732
2019-12-27,399006.XSHE,创业板指,79858.0,1767.5818,1721.0707,141155547.3844
2019-12-30,399006.XSHE,创业板指,79858.0,1790.2385,1721.0707,142964866.133
2019-12-31,399006.XSHE,创业板指,79858.0,1798.1181,1721.0707,143594115.2298
2020-01-02,399006.XSHE,创业板指,79858.0,1832.7416,1721.0707,146359078.6928
2020-01-03,399006.XSHE,创业板指,79858.0,1836.0118,1721.0707,146620230.3244
2020-01-06,399006.XSHE,创业板指,79858.0,1859.9209,1721.0707,148529563.2322
2020-01-07,399006.XSHE,创业板指,79858.0,1893.2141,1721.0707,151188291.5978
2020-01-08,399006.XSHE,创业板指,79858.0,1862.6992,1721.0707,148751432.7136
2020-01-09,399006.XSHE,创业板指,79858.0,1913.1422,1721.0707,152779709.8076
2020-01-10,399006.XSHE,创业板指,79858.0,1904.1945,1721.0707,152065164.381
2020-01-13,399006.XSHE,创业板指,79858.0,1935.0716,1721.0707,154530947.8328
2020-01-14,399006.XSHE,创业板指,79858.0,1922.5573,1721.0707,153531580.8634
2020-01-15,399006.XSHE,创业板指,79858.0,1924.2384,1721.0707,153665830.1472
2020-01-16,399006.XSHE,创业板指,79858.0,1929.9608,1721.0707,154122809.5664
2020-01-17,399006.XSHE,创业板指,79858.0,1932.5106,1721.0707,154326431.4948
2020-01-20,399006.XSHE,创业板指,79858.0,1982.1762,1721.0707,158292626.9796
2020-01-21,399006.XSHE,创业板指,79858.0,1967.0268,1721.0707,157082826.1944
2020-01-22,399006.XSHE,创业板指,79858.0,1993.8991,1721.0707,159228794.3278
2020-01-23,399006.XSHE,创业板指,79858.0,1927.7418,1721.0707,153945604.6644
2020-02-03,399006.XSHE,创业板指,79858.0,1795.7744,1721.0707,143406952.0352
2020-02-04,399006.XSHE,创业板指,79858.0,1882.691,1721.0707,150347937.878
2020-02-05,399006.XSHE,创业板指,79858.0,1939.6198,1721.0707,154894157.9884
2020-02-06,399006.XSHE,创业板指,79858.0,2012.2485,1721.0707,160694140.713
2020-02-07,399006.XSHE,创业板指,79858.0,2015.7993,1721.0707,160977700.4994
2020-02-10,399006.XSHE,创业板指,79858.0,2042.1773,1721.0707,163084194.8234
2020-02-11,399006.XSHE,创业板指,79858.0,2028.4442,1721.0707,161987496.9236
2020-02-12,399006.XSHE,创业板指,79858.0,2085.278,1721.0707,166526130.524
2020-02-13,399006.XSHE,创业板指,79858.0,2064.5956,1721.0707,164874475.4248
2020-02-14,399006.XSHE,创业板指,79858.0,2069.2188,1721.0707,165243674.9304
2020-02-17,399006.XSHE,创业板指,79858.0,2146.1776,1721.0707,171389450.7808
2020-02-18,399006.XSHE,创业板指,79858.0,2170.9493,1721.0707,173367669.1994
2020-02-19,399006.XSHE,创业板指,79858.0,2139.4372,1721.0707,170851175.9176
2020-02-20,399006.XSHE,创业板指,79858.0,2186.7374,1721.0707,174628475.2892
2020-02-21,399006.XSHE,创业板指,79858.0,2226.6389,1721.0707,177814929.2762
2020-02-24,399006.XSHE,创业板指,79858.0,2263.9716,1721.0707,180796244.0328
2020-02-25,399006.XSHE,创业板指,79858.0,2287.3117,1721.0707,182660137.7386
2020-02-26,399006.XSHE,创业板指,79858.0,2180.7012,1721.0707,174146436.4296
2020-02-27,399006.XSHE,创业板指,79858.0,2196.7138,1721.0707,175425170.6404
2020-02-28,399006.XSHE,创业板指,79858.0,2071.5665,1721.0707,165431157.557
2020-03-02,399006.XSHE,创业板指,79858.0,2135.4152,1721.0707,170529987.0416
2020-03-03,399006.XSHE,创业板指,79858.0,2173.3465,1721.0707,173559104.797
2020-03-04,399006.XSHE,创业板指,79858.0,2169.4428,1721.0707,173247363.1224
2020-03-05,399006.XSHE,创业板指,79858.0,2209.5883,1721.0707,176453302.4614
2020-03-06,399006.XSHE,创业板指,79858.0,2192.9361,1721.0707,175123491.0738
2020-03-09,399006.XSHE,创业板指,79858.0,2093.0632,1721.0707,167147841.0256
2020-03-10,399006.XSHE,创业板指,79858.0,2148.8097,1721.0707,171599645.0226
2020-03-11,399006.XSHE,创业板指,79858.0,2101.4635,1721.0707,167818672.183
2020-03-12,399006.XSHE,创业板指,79858.0,2045.9255,1721.0707,163383518.579
2020-04-15,399006.XSHE,创业板指,81975.0,1977.5145,1977.5145,162106751.1375
2020-04-16,399006.XSHE,创业板指,81975.0,2008.3881,1977.5145,164637614.4975
2020-04-17,399006.XSHE,创业板指,81975.0,2020.7696,1977.5145,165652587.96
2020-04-20,000903.XSHG,中证100,42437.0,3945.96,3945.96,167454704.52
2020-04-21,399006.XSHE,创业板指,81683.0,2023.9423,2023.9423,165321678.8909
2020-04-22,399006.XSHE,创业板指,81683.0,2043.1705,2023.9423,166892295.9515
2020-04-23,399006.XSHE,创业板指,81683.0,2029.5244,2023.9423,165777641.5652
2020-04-24,399006.XSHE,创业板指,81683.0,2003.7478,2023.9423,163672131.5474
2020-04-27,399006.XSHE,创业板指,81683.0,2018.6659,2023.9423,164890686.7097
2020-04-28,399006.XSHE,创业板指,81683.0,2030.7242,2023.9423,165875644.8286
2020-04-29,399006.XSHE,创业板指,81683.0,2030.4769,2023.9423,165855444.6227
2020-04-30,399006.XSHE,创业板指,81683.0,2069.4321,2023.9423,169037422.2243
2020-05-06,399006.XSHE,创业板指,81683.0,2110.2665,2023.9423,172372898.5195
2020-05-07,399006.XSHE,创业板指,81683.0,2106.8418,2023.9423,172093158.7494
2020-05-08,399006.XSHE,创业板指,81683.0,2125.2433,2023.9423,173596248.4739
2020-05-11,399006.XSHE,创业板指,81683.0,2102.8251,2023.9423,171765062.6433
2020-05-12,399006.XSHE,创业板指,81683.0,2124.15,2023.9423,173506944.45
2020-05-13,399006.XSHE,创业板指,81683.0,2140.6809,2023.9423,174857237.9547
2020-05-14,399006.XSHE,创业板指,81683.0,2117.6473,2023.9423,172975784.4059
2020-05-15,399006.XSHE,创业板指,81683.0,2124.3107,2023.9423,173520070.9081
2020-05-18,399006.XSHE,创业板指,81683.0,2114.8582,2023.9423,172747962.3506
2020-05-19,399006.XSHE,创业板指,81683.0,2144.1207,2023.9423,175138211.1381
2020-05-20,399006.XSHE,创业板指,81683.0,2118.1192,2023.9423,173014330.6136
2020-05-21,399006.XSHE,创业板指,81683.0,2099.4317,2023.9423,171487879.5511
2020-05-22,399006.XSHE,创业板指,81683.0,2046.5956,2023.9423,167172068.3948
2020-05-25,399006.XSHE,创业板指,81683.0,2052.3022,2023.9423,167638200.6026
2020-05-26,399006.XSHE,创业板指,81683.0,2112.9733,2023.9423,172593998.0639
2020-05-27,399006.XSHE,创业板指,81683.0,2071.4735,2023.9423,169204169.9005
2020-05-28,399006.XSHE,创业板指,81683.0,2054.964,2023.9423,167855624.412
2020-05-29,399006.XSHE,创业板指,81683.0,2086.6658,2023.9423,170445122.5414
2020-06-01,399006.XSHE,创业板指,81683.0,2158.2231,2023.9423,176290137.4773
2020-06-02,399006.XSHE,创业板指,81683.0,2145.2857,2023.9423,175233371.8331
2020-06-03,399006.XSHE,创业板指,81683.0,2143.1169,2023.9423,175056217.7427
2020-06-04,399006.XSHE,创业板指,81683.0,2151.3849,2023.9423,175731572.7867
2020-06-05,399006.XSHE,创业板指,81683.0,2166.3751,2023.9423,176956017.2933
2020-06-08,399006.XSHE,创业板指,81683.0,2153.5642,2023.9423,175909584.5486
2020-06-09,399006.XSHE,创业板指,81683.0,2181.5887,2023.9423,178198709.7821
2020-06-10,399006.XSHE,创业板指,81683.0,2201.9882,2023.9423,179865002.1406
2020-06-11,399006.XSHE,创业板指,81683.0,2195.6376,2023.9423,179346266.0808
2020-06-12,399006.XSHE,创业板指,81683.0,2206.7641,2023.9423,180255111.9803
2020-06-15,399006.XSHE,创业板指,81683.0,2219.5495,2023.9423,181299461.8085
2020-06-16,399006.XSHE,创业板指,81683.0,2260.4575,2023.9423,184640949.9725
2020-06-17,399006.XSHE,创业板指,81683.0,2263.9606,2023.9423,184927093.6898
2020-06-18,399006.XSHE,创业板指,81683.0,2266.0319,2023.9423,185096283.6877
2020-06-19,399006.XSHE,创业板指,81683.0,2319.4494,2023.9423,189459585.3402
2020-06-22,399006.XSHE,创业板指,81683.0,2342.8804,2023.9423,191373499.7132
2020-06-23,399006.XSHE,创业板指,81683.0,2382.0473,2023.9423,194572769.6059
2020-06-24,399006.XSHE,创业板指,81683.0,2382.4734,2023.9423,194607574.7322
2020-06-29,399006.XSHE,创业板指,81683.0,2372.5363,2023.9423,193795882.5929
2020-06-30,399006.XSHE,创业板指,81683.0,2438.1967,2023.9423,199159221.0461
2020-07-01,399006.XSHE,创业板指,81683.0,2419.6294,2023.9423,197642588.2802
2020-07-02,399006.XSHE,创业板指,81683.0,2424.3934,2023.9423,198031726.0922
2020-07-03,399006.XSHE,创业板指,81683.0,2462.5624,2023.9423,201149484.5192
2020-07-06,399006.XSHE,创业板指,81683.0,2529.487,2023.9423,206616086.621
2020-07-07,399006.XSHE,创业板指,81683.0,2591.2634,2023.9423,211662168.3022
2020-07-08,399006.XSHE,创业板指,81683.0,2651.9694,2023.9423,216620816.5002
2020-07-09,399006.XSHE,创业板指,81683.0,2757.6534,2023.9423,225253402.6722
2020-07-10,399006.XSHE,创业板指,81683.0,2778.4567,2023.9423,226952678.6261
2020-07-13,399006.XSHE,创业板指,81683.0,2889.4265,2023.9423,236017024.7995
2020-07-14,399006.XSHE,创业板指,81683.0,2858.6719,2023.9423,233504896.8077
2020-07-15,399006.XSHE,创业板指,81683.0,2813.0607,2023.9423,229779237.1581
2020-07-16,399006.XSHE,创业板指,81683.0,2646.2604,2023.9423,216154488.2532
2020-07-17,399006.XSHE,创业板指,81683.0,2662.4024,2023.9423,217473015.2392
2020-07-20,399006.XSHE,创业板指,81683.0,2697.3006,2023.9423,220323604.9098
2020-07-21,399006.XSHE,创业板指,81683.0,2736.5118,2023.9423,223526493.3594
2020-07-22,399006.XSHE,创业板指,81683.0,2769.028,2023.9423,226182514.124
2020-07-23,399006.XSHE,创业板指,81683.0,2799.6735,2023.9423,228685730.5005
2020-07-24,399006.XSHE,创业板指,81683.0,2627.8426,2023.9423,214650067.0958
2020-07-27,399006.XSHE,创业板指,81683.0,2631.7619,2023.9423,214970207.2777
2020-07-28,399006.XSHE,创业板指,81683.0,2666.5213,2023.9423,217809459.3479
2020-07-29,399006.XSHE,创业板指,81683.0,2767.4018,2023.9423,226049681.2294
2020-07-30,399006.XSHE,创业板指,81683.0,2743.6336,2023.9423,224108223.3488
2020-07-31,399006.XSHE,创业板指,81683.0,2795.3998,2023.9423,228336641.8634
2020-08-03,399006.XSHE,创业板指,81683.0,2868.8821,2023.9423,234338896.5743
2020-08-04,399006.XSHE,创业板指,81683.0,2832.8447,2023.9423,231395253.6301
2020-08-05,399006.XSHE,创业板指,81683.0,2860.2415,2023.9423,233633106.4445
2020-08-06,399006.XSHE,创业板指,81683.0,2814.3737,2023.9423,229886486.9371
2020-08-07,399006.XSHE,创业板指,81683.0,2749.9533,2023.9423,224624435.4039
2020-08-14,000903.XSHG,中证100,47679.0,4684.4674,4684.4674,223350721.1646
2020-08-17,000903.XSHG,中证100,47679.0,4797.6162,4684.4674,228745542.7998
2020-08-18,000903.XSHG,中证100,47679.0,4789.917,4684.4674,228378452.643
2020-08-19,000903.XSHG,中证100,47679.0,4732.3265,4684.4674,225632595.1935
2020-08-20,000903.XSHG,中证100,47679.0,4674.4551,4684.4674,222873344.7129
2020-08-24,000903.XSHG,中证100,47356.0,4741.6476,4741.6476,224545463.7456
2020-08-25,000903.XSHG,中证100,47356.0,4759.9772,4741.6476,225413480.2832
2020-08-26,000903.XSHG,中证100,47356.0,4719.7815,4741.6476,223509972.714
2020-08-27,000903.XSHG,中证100,47356.0,4731.7141,4741.6476,224075052.9196
2020-08-28,000903.XSHG,中证100,47356.0,4850.4132,4741.6476,229696167.4992
2020-08-31,000903.XSHG,中证100,47356.0,4824.199,4741.6476,228454767.844
2020-09-01,000903.XSHG,中证100,47356.0,4841.9119,4741.6476,229293579.9364
2020-09-02,000903.XSHG,中证100,47356.0,4842.3467,4741.6476,229314170.3252
2020-09-03,000903.XSHG,中证100,47356.0,4822.557,4741.6476,228377009.292
2020-09-04,000903.XSHG,中证100,47356.0,4769.7224,4741.6476,225874973.9744
2020-09-07,000903.XSHG,中证100,47356.0,4688.8491,4741.6476,222045137.9796
2020-09-08,000903.XSHG,中证100,47356.0,4724.0487,4741.6476,223712050.2372
2020-09-09,000903.XSHG,中证100,47356.0,4634.4406,4741.6476,219468569.0536
2020-09-10,000903.XSHG,中证100,47356.0,4647.0134,4741.6476,220063966.5704
2020-09-11,000903.XSHG,中证100,47356.0,4673.3088,4741.6476,221309211.5328
2020-09-14,000903.XSHG,中证100,47356.0,4702.7803,4741.6476,222704863.8868
2020-09-21,000903.XSHG,中证100,47415.0,4732.7682,4732.7682,224404204.203
2020-09-22,000903.XSHG,中证100,47415.0,4681.2255,4732.7682,221960307.0825
2020-10-13,000903.XSHG,中证100,45570.0,4866.7715,4866.7715,221778777.255
2020-10-14,399006.XSHE,创业板指,79850.0,2764.2438,2764.2438,220724867.43
2020-10-15,399006.XSHE,创业板指,79850.0,2737.9628,2764.2438,218626329.58
2020-10-16,399006.XSHE,创业板指,79850.0,2724.4966,2764.2438,217551053.51
2020-10-19,399006.XSHE,创业板指,79850.0,2689.669,2764.2438,214770069.65
2020-10-20,399006.XSHE,创业板指,79850.0,2740.583,2764.2438,218835552.55
2020-10-21,399006.XSHE,创业板指,79850.0,2700.5327,2764.2438,215637536.095
2020-10-22,399006.XSHE,创业板指,79850.0,2673.585,2764.2438,213485762.25
2020-10-23,399006.XSHE,创业板指,79850.0,2600.8426,2764.2438,207677281.61
2020-10-26,000903.XSHG,中证100,43568.0,4796.1603,4796.1603,208959111.9504
2020-10-27,399006.XSHE,创业板指,78646.0,2650.7637,2650.7637,208471961.9502
2020-10-28,399006.XSHE,创业板指,78646.0,2670.4815,2650.7637,210022688.049
2020-10-29,399006.XSHE,创业板指,78646.0,2699.9229,2650.7637,212338136.3934
2020-10-30,399006.XSHE,创业板指,78646.0,2655.8646,2650.7637,208873127.3316
2020-11-02,399006.XSHE,创业板指,78646.0,2708.3878,2650.7637,213003866.9188
2020-11-03,399006.XSHE,创业板指,78646.0,2744.3137,2650.7637,215829295.2502
2020-11-04,399006.XSHE,创业板指,78646.0,2750.5536,2650.7637,216320038.4256
2020-11-05,399006.XSHE,创业板指,78646.0,2787.878,2650.7637,219255453.188
2020-11-06,399006.XSHE,创业板指,78646.0,2733.0715,2650.7637,214945141.189
2020-11-09,000903.XSHG,中证100,43529.0,5082.6135,5082.6135,221241083.0415
2020-11-10,000903.XSHG,中证100,43529.0,5060.2653,5082.6135,220268288.2437
2020-11-11,000903.XSHG,中证100,43529.0,5030.8548,5082.6135,218988078.5892
2020-11-12,000903.XSHG,中证100,43529.0,5028.1789,5082.6135,218871599.3381
2020-11-13,000903.XSHG,中证100,43529.0,4957.8598,5082.6135,215810679.2342
2020-11-16,000903.XSHG,中证100,43529.0,5008.4741,5082.6135,218013869.0989
2020-11-17,000903.XSHG,中证100,43529.0,5011.4191,5082.6135,218142062.0039
2020-11-18,000903.XSHG,中证100,43529.0,5021.2849,5082.6135,218571510.4121
2020-11-19,000903.XSHG,中证100,43529.0,5060.2228,5082.6135,220266438.2612
2020-11-20,000903.XSHG,中证100,43529.0,5067.6725,5082.6135,220590716.2525
2020-11-23,000903.XSHG,中证100,43529.0,5135.4293,5082.6135,223540101.9997
2020-11-24,000903.XSHG,中证100,43529.0,5101.6927,5082.6135,222071581.5383
2020-11-25,000903.XSHG,中证100,43529.0,5046.3404,5082.6135,219662151.2716
2020-11-26,000903.XSHG,中证100,43529.0,5066.5446,5082.6135,220541619.8934
2020-11-27,000903.XSHG,中证100,43529.0,5136.2623,5082.6135,223576361.6567
2020-11-30,000903.XSHG,中证100,43529.0,5097.3365,5082.6135,221881960.5085
2020-12-01,000903.XSHG,中证100,43529.0,5207.9255,5082.6135,226695789.0895
2020-12-02,000903.XSHG,中证100,43529.0,5206.7752,5082.6135,226645717.6808
2020-12-03,000903.XSHG,中证100,43529.0,5193.5339,5082.6135,226069337.1331
2020-12-04,000903.XSHG,中证100,43529.0,5202.0483,5082.6135,226439960.4507
2020-12-07,000903.XSHG,中证100,43529.0,5150.5469,5082.6135,224198156.0101
2020-12-08,000903.XSHG,中证100,43529.0,5132.5374,5082.6135,223414220.4846
2020-12-09,000903.XSHG,中证100,43529.0,5069.9061,5082.6135,220687942.6269
2020-12-10,000903.XSHG,中证100,43529.0,5066.9494,5082.6135,220559240.4326
2020-12-11,000903.XSHG,中证100,43529.0,5017.7479,5082.6135,218417548.3391
2020-12-14,000903.XSHG,中证100,43529.0,5066.5816,5082.6135,220543230.4664
2020-12-15,000903.XSHG,中证100,43529.0,5067.2099,5082.6135,220570579.7371
2020-12-16,399006.XSHE,创业板指,80262.0,2760.6399,2760.6399,221574479.6538
2020-12-17,399006.XSHE,创业板指,80262.0,2785.6153,2760.6399,223579055.2086
2020-12-18,399006.XSHE,创业板指,80262.0,2780.7302,2760.6399,223186967.3124
2020-12-21,399006.XSHE,创业板指,80262.0,2882.4426,2760.6399,231350607.9612
2020-12-22,399006.XSHE,创业板指,80262.0,2811.7493,2760.6399,225676622.3166
2020-12-23,399006.XSHE,创业板指,80262.0,2842.9704,2760.6399,228182490.2448
2020-12-24,399006.XSHE,创业板指,80262.0,2820.7532,2760.6399,226399293.3384
2020-12-25,399006.XSHE,创业板指,80262.0,2840.8006,2760.6399,228008337.7572
2020-12-28,399006.XSHE,创业板指,80262.0,2842.8101,2760.6399,228169624.2462
2020-12-29,399006.XSHE,创业板指,80262.0,2812.9974,2760.6399,225776797.3188
2020-12-30,399006.XSHE,创业板指,80262.0,2900.5375,2760.6399,232802940.825
2020-12-31,399006.XSHE,创业板指,80262.0,2966.2563,2760.6399,238077663.1506
2021-01-04,399006.XSHE,创业板指,80262.0,3078.1113,2760.6399,247055369.1606
2021-01-05,399006.XSHE,创业板指,80262.0,3097.977,2760.6399,248649829.974
2021-01-06,399006.XSHE,创业板指,80262.0,3115.0913,2760.6399,250023457.9206
2021-01-07,399006.XSHE,创业板指,80262.0,3162.398,2760.6399,253820388.276
2021-01-08,399006.XSHE,创业板指,80262.0,3150.7797,2760.6399,252887880.2814
2021-01-11,399006.XSHE,创业板指,80262.0,3092.8608,2760.6399,248239193.5296
2021-01-12,399006.XSHE,创业板指,80262.0,3180.3496,2760.6399,255261219.5952
2021-01-13,399006.XSHE,创业板指,80262.0,3130.2979,2760.6399,251243970.0498
2021-01-14,399006.XSHE,创业板指,80262.0,3089.1774,2760.6399,247943556.4788
2021-01-15,399006.XSHE,创业板指,80262.0,3089.9447,2760.6399,248005141.5114
2021-01-18,399006.XSHE,创业板指,80262.0,3149.2004,2760.6399,252761122.5048
2021-01-19,399006.XSHE,创业板指,80262.0,3084.4881,2760.6399,247567183.8822
2021-01-20,000903.XSHG,中证100,45763.0,5619.183,5619.183,257150671.629
2021-01-21,399006.XSHE,创业板指,79486.0,3283.721,3283.721,261009847.406
2021-01-22,399006.XSHE,创业板指,79486.0,3358.2377,3283.721,266932881.8222
2021-01-25,399006.XSHE,创业板指,79486.0,3355.2401,3283.721,266694614.5886
2021-01-26,399006.XSHE,创业板指,79486.0,3258.3553,3283.721,258993629.3758
2021-01-27,399006.XSHE,创业板指,79486.0,3281.0305,3283.721,260795990.323
2021-01-28,399006.XSHE,创业板指,79486.0,3161.8634,3283.721,251323874.2124
2021-01-29,399006.XSHE,创业板指,79486.0,3128.8649,3283.721,248700955.4414
2021-02-01,399006.XSHE,创业板指,79486.0,3159.9933,3283.721,251175227.4438
2021-02-02,000903.XSHG,中证100,45385.0,5652.8255,5652.8255,256553485.3175
2021-02-03,399006.XSHE,创业板指,79537.0,3223.7662,3223.7662,256408692.2494
2021-02-04,399006.XSHE,创业板指,79537.0,3200.5493,3223.7662,254562089.6741
2021-02-05,399006.XSHE,创业板指,79537.0,3193.7066,3223.7662,254017841.8442
2021-02-08,399006.XSHE,创业板指,79537.0,3278.0603,3223.7662,260727082.0811
2021-02-09,399006.XSHE,创业板指,79537.0,3334.2422,3223.7662,265195621.8614
2021-02-10,399006.XSHE,创业板指,79537.0,3413.8101,3223.7662,271524213.9237
2021-02-18,399006.XSHE,创业板指,79537.0,3320.144,3223.7662,264074293.328
2021-02-19,399006.XSHE,创业板指,79537.0,3285.5347,3223.7662,261321573.4339
2021-02-22,000903.XSHG,中证100,43235.0,5772.1436,5772.1436,249558628.546
2021-02-23,000903.XSHG,中证100,43235.0,5764.0921,5772.1436,249210521.9435
2021-02-24,000903.XSHG,中证100,43235.0,5621.3987,5772.1436,243041172.7945
2021-02-25,000903.XSHG,中证100,43235.0,5676.2595,5772.1436,245413079.4825
2021-04-07,399006.XSHE,创业板指,85168.0,2807.2008,2807.2008,239083677.7344
2021-04-08,399006.XSHE,创业板指,85168.0,2826.9895,2807.2008,240769041.736
2021-04-09,399006.XSHE,创业板指,85168.0,2783.3266,2807.2008,237050359.8688
2021-04-12,399006.XSHE,创业板指,85168.0,2719.9533,2807.2008,231652982.6544
2021-04-14,399006.XSHE,创业板指,83272.0,2804.4092,2804.4092,233528762.9024
2021-04-15,399006.XSHE,创业板指,83272.0,2790.6441,2804.4092,232382515.4952
2021-04-16,399006.XSHE,创业板指,83272.0,2783.3734,2804.4092,231777069.7648
2021-04-19,399006.XSHE,创业板指,83272.0,2898.7286,2804.4092,241382927.9792
2021-04-20,399006.XSHE,创业板指,83272.0,2896.1076,2804.4092,241164672.0672
2021-04-21,399006.XSHE,创业板指,83272.0,2916.9745,2804.4092,242902300.564
2021-04-22,399006.XSHE,创业板指,83272.0,2939.3949,2804.4092,244769292.1128
2021-04-23,399006.XSHE,创业板指,83272.0,2994.4882,2804.4092,249357021.3904
2021-04-26,399006.XSHE,创业板指,83272.0,2969.4049,2804.4092,247268284.8328
2021-04-27,399006.XSHE,创业板指,83272.0,2986.0336,2804.4092,248652989.9392
2021-04-28,399006.XSHE,创业板指,83272.0,3050.5848,2804.4092,254028297.4656
2021-04-29,399006.XSHE,创业板指,83272.0,3051.4167,2804.4092,254097571.4424
2021-04-30,399006.XSHE,创业板指,83272.0,3091.3952,2804.4092,257426661.0944
2021-05-06,399006.XSHE,创业板指,83272.0,3014.8116,2804.4092,251049391.5552
2021-05-07,399006.XSHE,创业板指,83272.0,2910.4109,2804.4092,242355736.4648
2021-05-10,399006.XSHE,创业板指,83272.0,2921.7215,2804.4092,243297592.748
2021-05-11,399006.XSHE,创业板指,83272.0,2921.3431,2804.4092,243266082.6232
2021-05-12,399006.XSHE,创业板指,83272.0,2960.355,2804.4092,246514681.56
2021-05-13,399006.XSHE,创业板指,83272.0,2943.6175,2804.4092,245120916.46
2021-05-14,399006.XSHE,创业板指,83272.0,3033.8056,2804.4092,252631059.9232
2021-05-17,399006.XSHE,创业板指,83272.0,3112.7411,2804.4092,259204176.8792
2021-05-18,399006.XSHE,创业板指,83272.0,3090.1233,2804.4092,257320747.4376
2021-05-19,399006.XSHE,创业板指,83272.0,3114.724,2804.4092,259369296.928
2021-05-20,399006.XSHE,创业板指,83272.0,3143.6158,2804.4092,261775174.8976
2021-05-21,399006.XSHE,创业板指,83272.0,3113.2585,2804.4092,259247261.812
2021-05-24,399006.XSHE,创业板指,83272.0,3139.6858,2804.4092,261447915.9376
2021-05-25,399006.XSHE,创业板指,83272.0,3227.3554,2804.4092,268748338.8688
2021-05-26,399006.XSHE,创业板指,83272.0,3196.8478,2804.4092,266207910.0016
2021-05-27,399006.XSHE,创业板指,83272.0,3226.1082,2804.4092,268644482.0304
2021-05-28,399006.XSHE,创业板指,83272.0,3232.2912,2804.4092,269159352.8064
2021-05-31,399006.XSHE,创业板指,83272.0,3309.069,2804.4092,275552793.768
2021-06-01,399006.XSHE,创业板指,83272.0,3300.1588,2804.4092,274810823.5936
2021-06-02,399006.XSHE,创业板指,83272.0,3243.0218,2804.4092,270052911.3296
2021-06-03,399006.XSHE,创业板指,83272.0,3201.7845,2804.4092,266618998.884
2021-06-04,399006.XSHE,创业板指,83272.0,3242.6121,2804.4092,270018794.7912
2021-06-07,399006.XSHE,创业板指,83272.0,3228.2435,2804.4092,268822292.732
2021-06-08,399006.XSHE,创业板指,83272.0,3208.5718,2804.4092,267184190.9296
2021-06-09,399006.XSHE,创业板指,83272.0,3207.6258,2804.4092,267105415.6176
2021-06-10,399006.XSHE,创业板指,83272.0,3285.5095,2804.4092,273590947.084
2021-06-11,399006.XSHE,创业板指,83272.0,3298.4968,2804.4092,274672425.5296
2021-06-15,399006.XSHE,创业板指,83272.0,3262.1879,2804.4092,271648910.8088
2021-06-16,399006.XSHE,创业板指,83272.0,3125.7015,2804.4092,260283415.308
2021-06-17,399006.XSHE,创业板指,83272.0,3188.5926,2804.4092,265520482.9872
2021-06-18,399006.XSHE,创业板指,83272.0,3239.2267,2804.4092,269736885.7624
2021-06-21,399006.XSHE,创业板指,83272.0,3270.5769,2804.4092,272347479.6168
2021-06-22,399006.XSHE,创业板指,83272.0,3281.9923,2804.4092,273298062.8056
2021-06-23,399006.XSHE,创业板指,83272.0,3318.9462,2804.4092,276375287.9664
2021-06-24,399006.XSHE,创业板指,83272.0,3279.1588,2804.4092,273062111.5936
2021-06-25,399006.XSHE,创业板指,83272.0,3347.6994,2804.4092,278769624.4368
2021-06-28,399006.XSHE,创业板指,83272.0,3412.8633,2804.4092,284195952.7176
2021-06-29,399006.XSHE,创业板指,83272.0,3406.2379,2804.4092,283644242.4088
2021-06-30,399006.XSHE,创业板指,83272.0,3477.1779,2804.4092,289551558.0888
2021-07-01,399006.XSHE,创业板指,83272.0,3455.3587,2804.4092,287734629.6664
2021-07-02,399006.XSHE,创业板指,83272.0,3333.8973,2804.4092,277620295.9656
2021-07-05,399006.XSHE,创业板指,83272.0,3352.1166,2804.4092,279137453.5152
2021-07-06,399006.XSHE,创业板指,83272.0,3291.9878,2804.4092,274130408.0816
2021-07-07,399006.XSHE,创业板指,83272.0,3409.5893,2804.4092,283923320.1896
2021-07-08,399006.XSHE,创业板指,83272.0,3432.957,2804.4092,285869195.304
2021-07-09,399006.XSHE,创业板指,83272.0,3409.3093,2804.4092,283900004.0296
2021-07-12,399006.XSHE,创业板指,83272.0,3534.763,2804.4092,294346784.536
2021-07-13,399006.XSHE,创业板指,83272.0,3514.9772,2804.4092,292699181.3984
2021-07-14,399006.XSHE,创业板指,83272.0,3488.627,2804.4092,290504947.544
2021-07-15,399006.XSHE,创业板指,83272.0,3537.3914,2804.4092,294565656.6608
2021-07-16,399006.XSHE,创业板指,83272.0,3432.6472,2804.4092,285843397.6384
2021-07-19,399006.XSHE,创业板指,83272.0,3449.5263,2804.4092,287248954.0536
2021-07-20,399006.XSHE,创业板指,83272.0,3463.7913,2804.4092,288436829.1336
2021-07-21,399006.XSHE,创业板指,83272.0,3560.0455,2804.4092,296452108.876
2021-07-22,399006.XSHE,创业板指,83272.0,3544.4355,2804.4092,295152232.956
2021-07-23,399006.XSHE,创业板指,83272.0,3469.873,2804.4092,288943264.456
2021-07-26,399006.XSHE,创业板指,83272.0,3371.2278,2804.4092,280728881.3616
2021-08-02,399006.XSHE,创业板指,77037.0,3493.3591,3493.3591,269117904.9867
2021-08-03,399006.XSHE,创业板指,77037.0,3477.2287,3493.3591,267875267.3619
2021-08-04,399006.XSHE,创业板指,77037.0,3563.1267,3493.3591,274492591.5879
2021-08-05,399006.XSHE,创业板指,77037.0,3532.5003,3493.3591,272133225.6111
2021-08-06,399006.XSHE,创业板指,77037.0,3490.9015,3493.3591,268928578.8555
2021-08-09,399006.XSHE,创业板指,77037.0,3456.7468,3493.3591,266297403.2316
2021-08-25,399006.XSHE,创业板指,79772.0,3348.6624,3348.6624,267129496.9728
2021-08-26,399006.XSHE,创业板指,79772.0,3264.45,3348.6624,260411705.4
2021-09-13,000903.XSHG,中证100,54435.0,4771.5255,4771.5255,259737990.5925
2021-09-14,000903.XSHG,中证100,54435.0,4693.4835,4771.5255,255489774.3225
2021-09-15,000903.XSHG,中证100,54435.0,4632.3685,4771.5255,252162979.2975
2021-09-22,000903.XSHG,中证100,54435.0,4606.72,4606.72,250766803.2
2021-09-23,000903.XSHG,中证100,54435.0,4619.6195,4606.72,251468987.4825
2021-09-28,000903.XSHG,中证100,53312.0,4730.2404,4730.2404,252178576.2048
2021-09-29,000903.XSHG,中证100,53312.0,4715.5933,4730.2404,251397710.0096
2021-09-30,000903.XSHG,中证100,53312.0,4730.0472,4730.2404,252168276.3264
2021-10-08,000903.XSHG,中证100,53312.0,4825.5855,4730.2404,257261614.176
2021-10-11,000903.XSHG,中证100,53312.0,4840.89,4730.2404,258077527.68
2021-10-12,000903.XSHG,中证100,53312.0,4811.9175,4730.2404,256532945.76
2021-10-13,000903.XSHG,中证100,53312.0,4863.9597,4730.2404,259307419.5264
2021-10-14,000903.XSHG,中证100,53312.0,4827.0568,4730.2404,257340052.1216
2021-10-15,000903.XSHG,中证100,53312.0,4843.239,4730.2404,258202757.568
2021-10-18,000903.XSHG,中证100,53312.0,4757.9447,4730.2404,253655547.8464
2021-10-19,399006.XSHE,创业板指,77706.0,3297.2933,3297.2933,256219473.1698
2021-10-20,399006.XSHE,创业板指,77706.0,3285.1216,3297.2933,255273659.0496
2021-10-21,399006.XSHE,创业板指,77706.0,3279.4871,3297.2933,254835824.5926
2021-10-22,000903.XSHG,中证100,52324.0,4876.8528,4876.8528,255176445.9072
2021-10-25,000903.XSHG,中证100,52324.0,4869.75,4876.8528,254804799.0
2021-10-26,399006.XSHE,创业板指,76075.0,3327.5373,3327.5373,253142400.0975
2021-10-27,399006.XSHE,创业板指,76075.0,3308.9619,3327.5373,251729276.5425
2021-10-28,399006.XSHE,创业板指,76075.0,3278.3587,3327.5373,249401138.1025
2021-10-29,399006.XSHE,创业板指,76075.0,3350.665,3327.5373,254901839.875
2021-11-01,399006.XSHE,创业板指,76075.0,3331.9148,3327.5373,253475418.41
2021-11-02,399006.XSHE,创业板指,76075.0,3339.597,3327.5373,254059841.775
2021-11-03,399006.XSHE,创业板指,76075.0,3327.0855,3327.5373,253108029.4125
2021-11-04,399006.XSHE,创业板指,76075.0,3362.2485,3327.5373,255783054.6375
2021-11-05,399006.XSHE,创业板指,76075.0,3352.7544,3327.5373,255060790.98
2021-11-08,399006.XSHE,创业板指,76075.0,3380.292,3327.5373,257155713.9
2021-11-09,399006.XSHE,创业板指,76075.0,3409.9421,3327.5373,259411345.2575
2021-11-10,399006.XSHE,创业板指,76075.0,3399.6626,3327.5373,258629332.295
2021-11-11,399006.XSHE,创业板指,76075.0,3433.2408,3327.5373,261183793.86
2021-11-12,399006.XSHE,创业板指,76075.0,3430.1413,3327.5373,260947999.3975
2021-11-15,399006.XSHE,创业板指,76075.0,3401.874,3327.5373,258797564.55
2021-11-16,399006.XSHE,创业板指,76075.0,3393.7147,3327.5373,258176845.8025
2021-11-17,399006.XSHE,创业板指,76075.0,3421.3289,3327.5373,260277596.0675
2021-11-18,399006.XSHE,创业板指,76075.0,3383.9061,3327.5373,257430656.5575
2021-11-19,399006.XSHE,创业板指,76075.0,3418.9597,3327.5373,260097359.1775
2021-11-22,399006.XSHE,创业板指,76075.0,3505.7268,3327.5373,266698166.31
2021-11-23,399006.XSHE,创业板指,76075.0,3492.7692,3327.5373,265712416.89
2021-11-24,399006.XSHE,创业板指,76075.0,3478.6624,3327.5373,264639242.08
2021-11-25,399006.XSHE,创业板指,76075.0,3474.4511,3327.5373,264318867.4325
2021-11-26,399006.XSHE,创业板指,76075.0,3468.8655,3327.5373,263893942.9125
2021-11-29,399006.XSHE,创业板指,76075.0,3503.4088,3327.5373,266521824.46
2021-11-30,399006.XSHE,创业板指,76075.0,3495.5926,3327.5373,265927207.045
2021-12-01,399006.XSHE,创业板指,76075.0,3473.3664,3327.5373,264236348.88
2021-12-02,399006.XSHE,创业板指,76075.0,3466.914,3327.5373,263745482.55
2021-12-03,399006.XSHE,创业板指,76075.0,3478.6656,3327.5373,264639485.52
2021-12-06,399006.XSHE,创业板指,76075.0,3405.9346,3327.5373,259106474.695
2021-12-07,000903.XSHG,中证100,53657.0,4774.6585,4774.6585,256193851.1345
2021-12-08,000903.XSHG,中证100,53657.0,4844.2464,4774.6585,259927729.0848
2021-12-09,000903.XSHG,中证100,53657.0,4931.7633,4774.6585,264623623.3881
2021-12-10,000903.XSHG,中证100,53657.0,4914.4954,4774.6585,263697079.6778
2021-12-13,000903.XSHG,中证100,53657.0,4945.9718,4774.6585,265386008.8726
2021-12-14,000903.XSHG,中证100,53657.0,4914.7931,4774.6585,263713053.3667
2021-12-15,000903.XSHG,中证100,53657.0,4871.6384,4774.6585,261397501.6288
2021-12-16,000903.XSHG,中证100,53657.0,4893.7497,4774.6585,262583927.6529
2021-12-17,000903.XSHG,中证100,53657.0,4817.7698,4774.6585,258507074.1586
2021-12-20,000903.XSHG,中证100,53657.0,4761.6813,4774.6585,255497533.5141
2021-12-21,000903.XSHG,中证100,53657.0,4788.9649,4774.6585,256961489.6393
2021-12-22,000903.XSHG,中证100,53657.0,4785.5996,4774.6585,256780917.7372
2021-12-23,000903.XSHG,中证100,53657.0,4825.8408,4774.6585,258940139.8056
2021-12-24,000903.XSHG,中证100,53657.0,4805.8489,4774.6585,257867434.4273
2021-12-27,000903.XSHG,中证100,53657.0,4798.7583,4774.6585,257486974.1031
2021-12-28,000903.XSHG,中证100,53657.0,4834.706,4774.6585,259415819.842
2021-12-29,000903.XSHG,中证100,53657.0,4747.9208,4774.6585,254759186.3656
2021-12-30,000903.XSHG,中证100,53657.0,4780.3699,4774.6585,256500307.7243
2021-12-31,000903.XSHG,中证100,53657.0,4792.9137,4774.6585,257173370.4009
2022-01-04,000903.XSHG,中证100,53657.0,4779.4839,4774.6585,256452767.6223
2022-01-05,000903.XSHG,中证100,53657.0,4751.6706,4774.6585,254960389.3842
2022-04-11,000903.XSHG,中证100,62137.0,4046.4671,4046.4671,251435326.1927
2022-04-14,000903.XSHG,中证100,61751.0,4153.4622,4153.4622,256480444.3122
2022-04-15,000903.XSHG,中证100,61751.0,4148.163,4153.4622,256153213.413
2022-04-18,000903.XSHG,中证100,61751.0,4106.9018,4153.4622,253605293.0518
2022-05-24,399006.XSHE,创业板指,108551.0,2318.0748,2318.0748,251629337.6148
2022-05-25,399006.XSHE,创业板指,108551.0,2325.5974,2318.0748,252445923.3674
2022-05-26,399006.XSHE,创业板指,108551.0,2321.1339,2318.0748,251961405.9789
2022-05-27,399006.XSHE,创业板指,108551.0,2322.4816,2318.0748,252107700.1616
2022-05-30,399006.XSHE,创业板指,108551.0,2350.3844,2318.0748,255136577.0044
2022-05-31,399006.XSHE,创业板指,108551.0,2405.0849,2318.0748,261074370.9799
2022-06-01,399006.XSHE,创业板指,108551.0,2428.9565,2318.0748,263665657.0315
2022-06-02,399006.XSHE,创业板指,108551.0,2458.2562,2318.0748,266846168.7662
2022-06-06,399006.XSHE,创业板指,108551.0,2554.6587,2318.0748,277310756.5437
2022-06-07,399006.XSHE,创业板指,108551.0,2554.6265,2318.0748,277307261.2015
2022-06-08,399006.XSHE,创业板指,108551.0,2576.335,2318.0748,279663740.585
2022-06-09,399006.XSHE,创业板指,108551.0,2500.2052,2318.0748,271399774.6652
2022-06-10,399006.XSHE,创业板指,108551.0,2556.4729,2318.0748,277507689.7679
2022-06-13,399006.XSHE,创业板指,108551.0,2546.488,2318.0748,276423818.888
2022-06-14,399006.XSHE,创业板指,108551.0,2548.3144,2318.0748,276622076.4344
2022-06-15,399006.XSHE,创业板指,108551.0,2575.0857,2318.0748,279528127.8207
2022-06-16,399006.XSHE,创业板指,108551.0,2585.4709,2318.0748,280655451.6659
2022-06-17,399006.XSHE,创业板指,108551.0,2657.2122,2318.0748,288443041.5222
2022-06-20,399006.XSHE,创业板指,108551.0,2710.1412,2318.0748,294188537.4012
2022-06-21,399006.XSHE,创业板指,108551.0,2692.9849,2318.0748,292326203.8799
2022-06-22,399006.XSHE,创业板指,108551.0,2677.2851,2318.0748,290621974.8901
2022-06-23,399006.XSHE,创业板指,108551.0,2760.1019,2318.0748,299611821.3469
2022-06-24,399006.XSHE,创业板指,108551.0,2824.4396,2318.0748,306595743.0196
2022-06-27,399006.XSHE,创业板指,108551.0,2830.5971,2318.0748,307264145.8021
2022-06-28,399006.XSHE,创业板指,108551.0,2840.4195,2318.0748,308330377.1445
2022-06-29,399006.XSHE,创业板指,108551.0,2768.6104,2318.0748,300535427.5304
2022-06-30,399006.XSHE,创业板指,108551.0,2810.6011,2318.0748,305093560.0061
2022-07-01,399006.XSHE,创业板指,108551.0,2781.943,2318.0748,301982694.593
