date,cash,total_value,market_value,unit_net_value,units,static_unit_net_value
2016-09-30,700038.7139,999952.0139,299913.3,0.999952,1000000.0,1.0
2016-10-10,700038.7139,1003785.7139,303747.0,1.003786,1000000.0,1.0
2016-10-11,700038.7139,1004375.5139,304336.8,1.004376,1000000.0,1.0038
2016-10-12,700038.7139,1003490.8139,303452.1,1.003491,1000000.0,1.0044
2016-10-13,700038.7139,1003785.7139,303747.0,1.003786,1000000.0,1.0035
2016-10-14,700038.7139,1003785.7139,303747.0,1.003786,1000000.0,1.0038
2016-10-17,700038.7139,998772.4139,298733.7,0.998772,1000000.0,1.0038
2016-10-18,700038.7139,1005555.1139,305516.4,1.005555,1000000.0,0.9988
2016-10-19,700038.7139,1004375.5139,304336.8,1.004376,1000000.0,1.0056
2016-10-20,700038.7139,1004080.6139,304041.9,1.004081,1000000.0,1.0044
2016-10-21,700038.7139,1005260.2139,305221.5,1.00526,1000000.0,1.0041
2016-10-24,700038.7139,1012927.6139,312888.9,1.012928,1000000.0,1.0053
2016-10-25,700038.7139,1010863.3139,310824.6,1.010863,1000000.0,1.0129
2016-10-26,700038.7139,1009978.6139,309939.9,1.009979,1000000.0,1.0109
2016-10-27,700038.7139,1010568.4139,310529.7,1.010568,1000000.0,1.01
2016-10-28,700038.7139,1012632.7139,312594.0,1.012633,1000000.0,1.0106
2016-10-31,700038.7139,1012632.7139,312594.0,1.012633,1000000.0,1.0126
2016-11-01,700038.7139,1015581.7139,315543.0,1.015582,1000000.0,1.0126
2016-11-02,700038.7139,1013812.3139,313773.6,1.013812,1000000.0,1.0156
2016-11-03,700038.7139,1021184.8139,321146.1,1.021185,1000000.0,1.0138
2016-11-04,700038.7139,1019415.4139,319376.7,1.019415,1000000.0,1.0212
2016-11-07,700038.7139,1021184.8139,321146.1,1.021185,1000000.0,1.0194
2016-11-08,700038.7139,1021774.6139,321735.9,1.021775,1000000.0,1.0212
2016-11-09,700038.7139,1017940.9139,317902.2,1.017941,1000000.0,1.0218
2016-11-10,700038.7139,1022954.2139,322915.5,1.022954,1000000.0,1.0179
2016-11-11,700038.7139,1034160.4139,334121.7,1.03416,1000000.0,1.023
2016-11-14,700038.7139,1036814.5139,336775.8,1.036815,1000000.0,1.0342
2016-11-15,700038.7139,1033865.5139,333826.8,1.033866,1000000.0,1.0368
2016-11-16,700038.7139,1036224.7139,336186.0,1.036225,1000000.0,1.0339
2016-11-17,700038.7139,1035045.1139,335006.4,1.035045,1000000.0,1.0362
2016-11-18,700038.7139,1030031.8139,329993.1,1.030032,1000000.0,1.035
2016-11-21,700038.7139,1030031.8139,329993.1,1.030032,1000000.0,1.03
2016-11-22,700038.7139,1034750.2139,334711.5,1.03475,1000000.0,1.03
2016-11-23,700038.7139,1032096.1139,332057.4,1.032096,1000000.0,1.0348
2016-11-24,700038.7139,1035340.0139,335301.3,1.03534,1000000.0,1.0321
2016-11-25,700038.7139,1036519.6139,336480.9,1.03652,1000000.0,1.0353
2016-11-28,700038.7139,1035045.1139,335006.4,1.035045,1000000.0,1.0365
2016-11-29,700038.7139,1035929.8139,335891.1,1.03593,1000000.0,1.035
2016-11-30,700038.7139,1033275.7139,333237.0,1.033276,1000000.0,1.0359
2016-12-01,700038.7139,1036519.6139,336480.9,1.03652,1000000.0,1.0333
2016-12-02,700038.7139,1030031.8139,329993.1,1.030032,1000000.0,1.0365
2016-12-05,700038.7139,1019415.4139,319376.7,1.019415,1000000.0,1.03
2016-12-06,700038.7139,1019120.5139,319081.8,1.019121,1000000.0,1.0194
2016-12-07,700038.7139,1021184.8139,321146.1,1.021185,1000000.0,1.0191
2016-12-08,700038.7139,1017940.9139,317902.2,1.017941,1000000.0,1.0212
2016-12-09,700038.7139,1019120.5139,319081.8,1.019121,1000000.0,1.0179
2016-12-12,700038.7139,1009978.6139,309939.9,1.009979,1000000.0,1.0191
2016-12-13,700038.7139,1010568.4139,310529.7,1.010568,1000000.0,1.01
2016-12-14,700038.7139,1007029.6139,306990.9,1.00703,1000000.0,1.0106
2016-12-15,700038.7139,1005850.0139,305811.3,1.00585,1000000.0,1.007
2016-12-16,700038.7139,1005850.0139,305811.3,1.00585,1000000.0,1.0059
2016-12-19,700038.7139,1003195.9139,303157.2,1.003196,1000000.0,1.0059
2016-12-20,700038.7139,1003785.7139,303747.0,1.003786,1000000.0,1.0032
2016-12-21,700038.7139,1005850.0139,305811.3,1.00585,1000000.0,1.0038
2016-12-22,700038.7139,1004375.5139,304336.8,1.004376,1000000.0,1.0059
2016-12-23,700038.7139,1001426.5139,301387.8,1.001427,1000000.0,1.0044
2016-12-26,700038.7139,1004670.4139,304631.7,1.00467,1000000.0,1.0014
2016-12-27,700038.7139,1002901.0139,302862.3,1.002901,1000000.0,1.0047
2016-12-28,700038.7139,1002311.2139,302272.5,1.002311,1000000.0,1.0029
2016-12-29,700038.7139,1002016.3139,301977.6,1.002016,1000000.0,1.0023
2016-12-30,700038.7139,1002901.0139,302862.3,1.002901,1000000.0,1.002
2017-01-03,700038.7139,1006734.7139,306696.0,1.006735,1000000.0,1.0029
2017-01-04,700038.7139,1007914.3139,307875.6,1.007914,1000000.0,1.0067
2017-01-05,700038.7139,1006734.7139,306696.0,1.006735,1000000.0,1.0079
2017-01-06,700038.7139,1003785.7139,303747.0,1.003786,1000000.0,1.0067
2017-01-09,700038.7139,1004080.6139,304041.9,1.004081,1000000.0,1.0038
2017-01-10,700038.7139,1004670.4139,304631.7,1.00467,1000000.0,1.0041
2017-01-11,700038.7139,1004080.6139,304041.9,1.004081,1000000.0,1.0047
2017-01-12,700038.7139,1004375.5139,304336.8,1.004376,1000000.0,1.0041
2017-01-13,700038.7139,1005260.2139,305221.5,1.00526,1000000.0,1.0044
2017-01-16,700038.7139,1004080.6139,304041.9,1.004081,1000000.0,1.0053
2017-01-17,700038.7139,1002901.0139,302862.3,1.002901,1000000.0,1.0041
2017-01-18,700038.7139,1002606.1139,302567.4,1.002606,1000000.0,1.0029
2017-01-19,700038.7139,1003785.7139,303747.0,1.003786,1000000.0,1.0026
2017-01-20,700038.7139,1006439.8139,306401.1,1.00644,1000000.0,1.0038
2017-01-23,700038.7139,1006144.9139,306106.2,1.006145,1000000.0,1.0064
2017-01-24,700038.7139,1004670.4139,304631.7,1.00467,1000000.0,1.0061
2017-01-25,700038.7139,1005260.2139,305221.5,1.00526,1000000.0,1.0047
2017-01-26,700038.7139,1007029.6139,306990.9,1.00703,1000000.0,1.0053
2017-02-03,700038.7139,1004080.6139,304041.9,1.004081,1000000.0,1.007
2017-02-06,700038.7139,1004080.6139,304041.9,1.004081,1000000.0,1.0041
2017-02-07,700038.7139,1002606.1139,302567.4,1.002606,1000000.0,1.0041
2017-02-08,700038.7139,1008209.2139,308170.5,1.008209,1000000.0,1.0026
2017-02-09,700038.7139,1007914.3139,307875.6,1.007914,1000000.0,1.0082
2017-02-10,700038.7139,1009683.7139,309645.0,1.009684,1000000.0,1.0079
2017-02-13,700038.7139,1012042.9139,312004.2,1.012043,1000000.0,1.0097
2017-02-14,700038.7139,1011453.1139,311414.4,1.011453,1000000.0,1.012
2017-02-15,700038.7139,1009388.8139,309350.1,1.009389,1000000.0,1.0115
2017-02-16,700038.7139,1012337.8139,312299.1,1.012338,1000000.0,1.0094
2017-02-17,700038.7139,1012337.8139,312299.1,1.012338,1000000.0,1.0123
2017-02-20,700038.7139,1014697.0139,314658.3,1.014697,1000000.0,1.0123
2017-02-21,700038.7139,1016171.5139,316132.8,1.016172,1000000.0,1.0147
2017-02-22,700038.7139,1015286.8139,315248.1,1.015287,1000000.0,1.0162
2017-02-23,700038.7139,1012337.8139,312299.1,1.012338,1000000.0,1.0153
2017-02-24,700038.7139,1013517.4139,313478.7,1.013517,1000000.0,1.0123
2017-02-27,700038.7139,1010273.5139,310234.8,1.010274,1000000.0,1.0135
2017-02-28,700038.7139,1010273.5139,310234.8,1.010274,1000000.0,1.0103
2017-03-01,700038.7139,1010273.5139,310234.8,1.010274,1000000.0,1.0103
2017-03-02,700038.7139,1009978.6139,309939.9,1.009979,1000000.0,1.0103
2017-03-03,700038.7139,1007324.5139,307285.8,1.007325,1000000.0,1.01
2017-03-06,700038.7139,1009978.6139,309939.9,1.009979,1000000.0,1.0073
2017-03-07,700038.7139,1009683.7139,309645.0,1.009684,1000000.0,1.01
2017-03-08,700038.7139,1008799.0139,308760.3,1.008799,1000000.0,1.0097
2017-03-09,700038.7139,1007619.4139,307580.7,1.007619,1000000.0,1.0088
2017-03-10,700038.7139,1006439.8139,306401.1,1.00644,1000000.0,1.0076
2017-03-13,700038.7139,1007324.5139,307285.8,1.007325,1000000.0,1.0064
2017-03-14,700038.7139,1007029.6139,306990.9,1.00703,1000000.0,1.0073
2017-03-15,700038.7139,1007324.5139,307285.8,1.007325,1000000.0,1.007
2017-03-16,700038.7139,1013517.4139,313478.7,1.013517,1000000.0,1.0073
2017-03-17,700038.7139,1007914.3139,307875.6,1.007914,1000000.0,1.0135
2017-03-20,700038.7139,1005850.0139,305811.3,1.00585,1000000.0,1.0079
2017-03-21,700038.7139,1004375.5139,304336.8,1.004376,1000000.0,1.0059
2017-03-22,700038.7139,999952.0139,299913.3,0.999952,1000000.0,1.0044
2017-03-23,700038.7139,1000836.7139,300798.0,1.000837,1000000.0,1.0
2017-03-24,700038.7139,1005260.2139,305221.5,1.00526,1000000.0,1.0008
2017-03-27,700038.7139,1004670.4139,304631.7,1.00467,1000000.0,1.0053
2017-03-28,700038.7139,1003195.9139,303157.2,1.003196,1000000.0,1.0047
2017-03-29,700038.7139,1000541.8139,300503.1,1.000542,1000000.0,1.0032
2017-03-30,700038.7139,999657.1139,299618.4,0.999657,1000000.0,1.0005
2017-03-31,700038.7139,999657.1139,299618.4,0.999657,1000000.0,0.9997
2017-04-05,700038.7139,1004080.6139,304041.9,1.004081,1000000.0,0.9997
2017-04-06,700038.7139,1003785.7139,303747.0,1.003786,1000000.0,1.0041
2017-04-07,700038.7139,1004670.4139,304631.7,1.00467,1000000.0,1.0038
2017-04-10,700038.7139,1002016.3139,301977.6,1.002016,1000000.0,1.0047
2017-04-11,700038.7139,1002016.3139,301977.6,1.002016,1000000.0,1.002
2017-04-12,700038.7139,1004080.6139,304041.9,1.004081,1000000.0,1.002
2017-04-13,700038.7139,1003195.9139,303157.2,1.003196,1000000.0,1.0041
2017-04-14,700038.7139,1000541.8139,300503.1,1.000542,1000000.0,1.0032
2017-04-17,700038.7139,1000246.9139,300208.2,1.000247,1000000.0,1.0005
2017-04-18,700038.7139,997003.0139,296964.3,0.997003,1000000.0,1.0002
2017-04-19,700038.7139,994643.8139,294605.1,0.994644,1000000.0,0.997
2017-04-20,700038.7139,994348.9139,294310.2,0.994349,1000000.0,0.9946
2017-04-21,700038.7139,996413.2139,296374.5,0.996413,1000000.0,0.9943
2017-04-24,700038.7139,995823.4139,295784.7,0.995823,1000000.0,0.9964
2017-04-25,700038.7139,994054.0139,294015.3,0.994054,1000000.0,0.9958
2017-04-26,700038.7139,995233.6139,295194.9,0.995234,1000000.0,0.9941
2017-04-27,700038.7139,994348.9139,294310.2,0.994349,1000000.0,0.9952
2017-04-28,700038.7139,994643.8139,294605.1,0.994644,1000000.0,0.9943
2017-05-02,700038.7139,992579.5139,292540.8,0.99258,1000000.0,0.9946
2017-05-03,700038.7139,990515.2139,290476.5,0.990515,1000000.0,0.9926
2017-05-04,700038.7139,988156.0139,288117.3,0.988156,1000000.0,0.9905
2017-05-05,700038.7139,983142.7139,283104.0,0.983143,1000000.0,0.9882
2017-05-08,700038.7139,982552.9139,282514.2,0.982553,1000000.0,0.9831
2017-05-09,700038.7139,981963.1139,281924.4,0.981963,1000000.0,0.9826
2017-05-10,700038.7139,979898.8139,279860.1,0.979899,1000000.0,0.982
2017-05-11,700038.7139,980193.7139,280155.0,0.980194,1000000.0,0.9799
2017-05-12,700038.7139,983142.7139,283104.0,0.983143,1000000.0,0.9802
2017-05-15,700038.7139,984617.2139,284578.5,0.984617,1000000.0,0.9831
2017-05-16,700038.7139,986091.7139,286053.0,0.986092,1000000.0,0.9846
2017-05-17,700038.7139,985501.9139,285463.2,0.985502,1000000.0,0.9861
2017-05-18,700038.7139,983142.7139,283104.0,0.983143,1000000.0,0.9855
2017-05-19,700038.7139,981963.1139,281924.4,0.981963,1000000.0,0.9831
2017-05-22,700038.7139,977834.5139,277795.8,0.977835,1000000.0,0.982
2017-05-23,700038.7139,978719.2139,278680.5,0.978719,1000000.0,0.9778
2017-05-24,700038.7139,979898.8139,279860.1,0.979899,1000000.0,0.9787
2017-05-25,700038.7139,991105.0139,291066.3,0.991105,1000000.0,0.9799
2017-05-26,700038.7139,990220.3139,290181.6,0.99022,1000000.0,0.9911
2017-05-31,700038.7139,991989.7139,291951.0,0.99199,1000000.0,0.9902
2017-06-01,700038.7139,990515.2139,290476.5,0.990515,1000000.0,0.992
2017-06-02,700038.7139,991105.0139,291066.3,0.991105,1000000.0,0.9905
2017-06-05,700038.7139,989630.5139,289591.8,0.989631,1000000.0,0.9911
2017-06-06,700038.7139,990810.1139,290771.4,0.99081,1000000.0,0.9896
2017-06-07,700038.7139,993464.2139,293425.5,0.993464,1000000.0,0.9908
2017-06-08,700038.7139,993169.3139,293130.6,0.993169,1000000.0,0.9935
2017-06-09,700038.7139,991989.7139,291951.0,0.99199,1000000.0,0.9932
2017-06-12,700038.7139,988156.0139,288117.3,0.988156,1000000.0,0.992
2017-06-13,700038.7139,989630.5139,289591.8,0.989631,1000000.0,0.9882
2017-06-14,700038.7139,989925.4139,289886.7,0.989925,1000000.0,0.9896
2017-06-15,700038.7139,992874.4139,292835.7,0.992874,1000000.0,0.9899
2017-06-16,700038.7139,991989.7139,291951.0,0.99199,1000000.0,0.9929
2017-06-19,700038.7139,997297.9139,297259.2,0.997298,1000000.0,0.992
2017-06-20,700038.7139,997003.0139,296964.3,0.997003,1000000.0,0.9973
2017-06-21,700038.7139,997297.9139,297259.2,0.997298,1000000.0,0.997
2017-06-22,700038.7139,997592.8139,297554.1,0.997593,1000000.0,0.9973
2017-06-23,700038.7139,997003.0139,296964.3,0.997003,1000000.0,0.9976
2017-06-26,700038.7139,1000836.7139,300798.0,1.000837,1000000.0,0.997
2017-06-27,700038.7139,1000246.9139,300208.2,1.000247,1000000.0,1.0008
2017-06-28,700038.7139,999067.3139,299028.6,0.999067,1000000.0,1.0002
2017-06-29,700038.7139,998477.5139,298438.8,0.998478,1000000.0,0.9991
2017-06-30,700038.7139,998182.6139,298143.9,0.998183,1000000.0,0.9985
2017-07-03,700038.7139,997003.0139,296964.3,0.997003,1000000.0,0.9982
2017-07-04,700038.7139,994348.9139,294310.2,0.994349,1000000.0,0.997
2017-07-05,700038.7139,996708.1139,296669.4,0.996708,1000000.0,0.9943
2017-07-06,700038.7139,996118.3139,296079.6,0.996118,1000000.0,0.9967
2017-07-07,700038.7139,999952.0139,299913.3,0.999952,1000000.0,0.9961
2017-07-10,700038.7139,1002016.3139,301977.6,1.002016,1000000.0,1.0
2017-07-11,700038.7139,1003195.9139,303157.2,1.003196,1000000.0,1.002
2017-07-12,700038.7139,1001426.5139,301387.8,1.001427,1000000.0,1.0032
2017-07-13,700038.7139,1007029.6139,306990.9,1.00703,1000000.0,1.0014
2017-07-14,700038.7139,1007029.6139,306990.9,1.00703,1000000.0,1.007
2017-07-17,700038.7139,998182.6139,298143.9,0.998183,1000000.0,1.007
2017-07-18,700038.7139,995528.5139,295489.8,0.995529,1000000.0,0.9982
2017-07-19,700038.7139,1014107.2139,314068.5,1.014107,1000000.0,0.9955
2017-07-20,700038.7139,1012927.6139,312888.9,1.012928,1000000.0,1.0141
2017-07-21,700038.7139,1010863.3139,310824.6,1.010863,1000000.0,1.0129
2017-07-24,700038.7139,1011158.2139,311119.5,1.011158,1000000.0,1.0109
2017-07-25,700038.7139,1007914.3139,307875.6,1.007914,1000000.0,1.0112
2017-07-26,700038.7139,1009093.9139,309055.2,1.009094,1000000.0,1.0079
2017-07-27,700038.7139,1011453.1139,311414.4,1.011453,1000000.0,1.0091
2017-07-28,700038.7139,1009388.8139,309350.1,1.009389,1000000.0,1.0115
2017-07-31,700038.7139,1011158.2139,311119.5,1.011158,1000000.0,1.0094
2017-08-01,700038.7139,1014991.9139,314953.2,1.014992,1000000.0,1.0112
2017-08-02,700038.7139,1017056.2139,317017.5,1.017056,1000000.0,1.015
2017-08-03,700038.7139,1015876.6139,315837.9,1.015877,1000000.0,1.0171
2017-08-04,700038.7139,1016761.3139,316722.6,1.016761,1000000.0,1.0159
2017-08-07,700038.7139,1012632.7139,312594.0,1.012633,1000000.0,1.0168
2017-08-08,700038.7139,1013812.3139,313773.6,1.013812,1000000.0,1.0126
2017-08-09,700038.7139,1010273.5139,310234.8,1.010274,1000000.0,1.0138
2017-08-10,700038.7139,1010863.3139,310824.6,1.010863,1000000.0,1.0103
2017-08-11,700038.7139,1002311.2139,302272.5,1.002311,1000000.0,1.0109
2017-08-14,700038.7139,1007324.5139,307285.8,1.007325,1000000.0,1.0023
2017-08-15,700038.7139,1006144.9139,306106.2,1.006145,1000000.0,1.0073
2017-08-16,700038.7139,1006439.8139,306401.1,1.00644,1000000.0,1.0061
2017-08-17,700038.7139,1009093.9139,309055.2,1.009094,1000000.0,1.0064
2017-08-18,700038.7139,1006439.8139,306401.1,1.00644,1000000.0,1.0091
2017-08-21,700038.7139,1007324.5139,307285.8,1.007325,1000000.0,1.0064
2017-08-22,700038.7139,1007324.5139,307285.8,1.007325,1000000.0,1.0073
2017-08-23,700038.7139,1009683.7139,309645.0,1.009684,1000000.0,1.0073
2017-08-24,700038.7139,1005555.1139,305516.4,1.005555,1000000.0,1.0097
2017-08-25,700038.7139,1014107.2139,314068.5,1.014107,1000000.0,1.0056
2017-08-28,700038.7139,1032391.0139,332352.3,1.032391,1000000.0,1.0141
2017-08-29,700038.7139,1028852.2139,328813.5,1.028852,1000000.0,1.0324
2017-08-30,700038.7139,1029147.1139,329108.4,1.029147,1000000.0,1.0289
2017-08-31,700038.7139,1032980.8139,332942.1,1.032981,1000000.0,1.0291
2017-09-01,700038.7139,1035045.1139,335006.4,1.035045,1000000.0,1.033
2017-09-04,700038.7139,1034160.4139,334121.7,1.03416,1000000.0,1.035
2017-09-05,700038.7139,1033570.6139,333531.9,1.033571,1000000.0,1.0342
2017-09-06,700038.7139,1031801.2139,331762.5,1.031801,1000000.0,1.0336
2017-09-07,700038.7139,1028557.3139,328518.6,1.028557,1000000.0,1.0318
2017-09-08,700038.7139,1026493.0139,326454.3,1.026493,1000000.0,1.0286
2017-09-11,700038.7139,1027377.7139,327339.0,1.027378,1000000.0,1.0265
2017-09-12,700038.7139,1030326.7139,330288.0,1.030327,1000000.0,1.0274
2017-09-13,700038.7139,1029442.0139,329403.3,1.029442,1000000.0,1.0303
2017-09-14,700038.7139,1028852.2139,328813.5,1.028852,1000000.0,1.0294
2017-09-15,700038.7139,1029736.9139,329698.2,1.029737,1000000.0,1.0289
2017-09-18,700038.7139,1033570.6139,333531.9,1.033571,1000000.0,1.0297
2017-09-19,700038.7139,1028557.3139,328518.6,1.028557,1000000.0,1.0336
2017-09-20,700038.7139,1029147.1139,329108.4,1.029147,1000000.0,1.0286
2017-09-21,700038.7139,1028557.3139,328518.6,1.028557,1000000.0,1.0291
2017-09-22,700038.7139,1027377.7139,327339.0,1.027378,1000000.0,1.0286
2017-09-25,700038.7139,1025018.5139,324979.8,1.025019,1000000.0,1.0274
2017-09-26,700038.7139,1025313.4139,325274.7,1.025313,1000000.0,1.025
2017-09-27,700038.7139,1024723.6139,324684.9,1.024724,1000000.0,1.0253
2017-09-28,700038.7139,1024428.7139,324390.0,1.024429,1000000.0,1.0247
2017-09-29,700038.7139,1027967.5139,327928.8,1.027968,1000000.0,1.0244
2017-10-09,700038.7139,1027967.5139,327928.8,1.027968,1000000.0,1.028
2017-10-10,700038.7139,1027672.6139,327633.9,1.027673,1000000.0,1.028
2017-10-11,700038.7139,1025608.3139,325569.6,1.025608,1000000.0,1.0277
2017-10-12,700038.7139,1024428.7139,324390.0,1.024429,1000000.0,1.0256
2017-10-13,700038.7139,1025608.3139,325569.6,1.025608,1000000.0,1.0244
2017-10-16,700038.7139,1023249.1139,323210.4,1.023249,1000000.0,1.0256
2017-10-17,700038.7139,1020300.1139,320261.4,1.0203,1000000.0,1.0232
2017-10-18,700038.7139,1020005.2139,319966.5,1.020005,1000000.0,1.0203
2017-10-19,700038.7139,1014107.2139,314068.5,1.014107,1000000.0,1.02
2017-10-20,700038.7139,1014697.0139,314658.3,1.014697,1000000.0,1.0141
2017-10-23,700038.7139,1013222.5139,313183.8,1.013223,1000000.0,1.0147
2017-10-24,700038.7139,1015876.6139,315837.9,1.015877,1000000.0,1.0132
2017-10-25,700038.7139,1016171.5139,316132.8,1.016172,1000000.0,1.0159
2017-10-26,700038.7139,1017351.1139,317312.4,1.017351,1000000.0,1.0162
2017-10-27,700038.7139,1014402.1139,314363.4,1.014402,1000000.0,1.0174
2017-10-30,700038.7139,1007029.6139,306990.9,1.00703,1000000.0,1.0144
2017-10-31,700038.7139,1005260.2139,305221.5,1.00526,1000000.0,1.007
2017-11-01,700038.7139,1003490.8139,303452.1,1.003491,1000000.0,1.0053
2017-11-02,700038.7139,1004670.4139,304631.7,1.00467,1000000.0,1.0035
2017-11-03,700038.7139,1004080.6139,304041.9,1.004081,1000000.0,1.0047
2017-11-06,700038.7139,1003785.7139,303747.0,1.003786,1000000.0,1.0041
2017-11-07,700038.7139,1007914.3139,307875.6,1.007914,1000000.0,1.0038
2017-11-08,700038.7139,1013222.5139,313183.8,1.013223,1000000.0,1.0079
2017-11-09,700038.7139,1013812.3139,313773.6,1.013812,1000000.0,1.0132
2017-11-10,700038.7139,1014402.1139,314363.4,1.014402,1000000.0,1.0138
2017-11-13,700038.7139,1012632.7139,312594.0,1.012633,1000000.0,1.0144
2017-11-14,700038.7139,1009683.7139,309645.0,1.009684,1000000.0,1.0126
2017-11-15,700038.7139,1008504.1139,308465.4,1.008504,1000000.0,1.0097
2017-11-16,700038.7139,1003195.9139,303157.2,1.003196,1000000.0,1.0085
2017-11-17,700038.7139,1005555.1139,305516.4,1.005555,1000000.0,1.0032
2017-11-20,700038.7139,1001131.6139,301092.9,1.001132,1000000.0,1.0056
2017-11-21,700038.7139,1013222.5139,313183.8,1.013223,1000000.0,1.0011
2017-11-22,700038.7139,1014107.2139,314068.5,1.014107,1000000.0,1.0132
2017-11-23,700038.7139,1006734.7139,306696.0,1.006735,1000000.0,1.0141
2017-11-24,700038.7139,1007324.5139,307285.8,1.007325,1000000.0,1.0067
2017-11-27,700038.7139,1006734.7139,306696.0,1.006735,1000000.0,1.0073
2017-11-28,700038.7139,1007619.4139,307580.7,1.007619,1000000.0,1.0067
2017-11-29,700038.7139,1007029.6139,306990.9,1.00703,1000000.0,1.0076
2017-11-30,700038.7139,1006439.8139,306401.1,1.00644,1000000.0,1.007
2017-12-01,700038.7139,1005555.1139,305516.4,1.005555,1000000.0,1.0064
2017-12-04,700038.7139,1002606.1139,302567.4,1.002606,1000000.0,1.0056
2017-12-05,700038.7139,1005555.1139,305516.4,1.005555,1000000.0,1.0026
2017-12-06,700038.7139,1005850.0139,305811.3,1.00585,1000000.0,1.0056
2017-12-07,700038.7139,1001426.5139,301387.8,1.001427,1000000.0,1.0059
2017-12-08,700038.7139,1001131.6139,301092.9,1.001132,1000000.0,1.0014
2017-12-11,700038.7139,1001721.4139,301682.7,1.001721,1000000.0,1.0011
2017-12-12,700038.7139,996118.3139,296079.6,0.996118,1000000.0,1.0017
2017-12-13,700038.7139,996708.1139,296669.4,0.996708,1000000.0,0.9961
2017-12-14,700038.7139,992284.6139,292245.9,0.992285,1000000.0,0.9967
2017-12-15,700038.7139,989630.5139,289591.8,0.989631,1000000.0,0.9923
2017-12-18,700038.7139,988156.0139,288117.3,0.988156,1000000.0,0.9896
2017-12-19,700038.7139,989040.7139,289002.0,0.989041,1000000.0,0.9882
2017-12-20,700038.7139,985207.0139,285168.3,0.985207,1000000.0,0.989
2017-12-21,700038.7139,986976.4139,286937.7,0.986976,1000000.0,0.9852
2017-12-22,700038.7139,984322.3139,284283.6,0.984322,1000000.0,0.987
2017-12-25,700038.7139,980488.6139,280449.9,0.980489,1000000.0,0.9843
2017-12-26,700038.7139,982258.0139,282219.3,0.982258,1000000.0,0.9805
2017-12-27,700038.7139,979309.0139,279270.3,0.979309,1000000.0,0.9823
2017-12-28,700038.7139,981078.4139,281039.7,0.981078,1000000.0,0.9793
2017-12-29,700038.7139,981078.4139,281039.7,0.981078,1000000.0,0.9811
2018-01-02,700038.7139,984912.1139,284873.4,0.984912,1000000.0,0.9811
2018-01-03,700038.7139,989335.6139,289296.9,0.989336,1000000.0,0.9849
2018-01-04,700038.7139,989040.7139,289002.0,0.989041,1000000.0,0.9893
2018-01-05,700038.7139,989925.4139,289886.7,0.989925,1000000.0,0.989
2018-01-08,700038.7139,996118.3139,296079.6,0.996118,1000000.0,0.9899
2018-01-09,700038.7139,993759.1139,293720.4,0.993759,1000000.0,0.9961
2018-01-10,700038.7139,992874.4139,292835.7,0.992874,1000000.0,0.9938
2018-01-11,700038.7139,991694.8139,291656.1,0.991695,1000000.0,0.9929
2018-01-12,700038.7139,990810.1139,290771.4,0.99081,1000000.0,0.9917
2018-01-15,700038.7139,986091.7139,286053.0,0.986092,1000000.0,0.9908
2018-01-16,700038.7139,992284.6139,292245.9,0.992285,1000000.0,0.9861
2018-01-17,700038.7139,1002901.0139,302862.3,1.002901,1000000.0,0.9923
2018-01-18,700038.7139,1004670.4139,304631.7,1.00467,1000000.0,1.0029
2018-01-19,700038.7139,1012927.6139,312888.9,1.012928,1000000.0,1.0047
2018-01-22,700038.7139,1011748.0139,311709.3,1.011748,1000000.0,1.0129
2018-01-23,700038.7139,1012927.6139,312888.9,1.012928,1000000.0,1.0117
2018-01-24,700038.7139,1024133.8139,324095.1,1.024134,1000000.0,1.0129
2018-01-25,700038.7139,1017646.0139,317607.3,1.017646,1000000.0,1.0241
2018-01-26,700038.7139,1017940.9139,317902.2,1.017941,1000000.0,1.0176
2018-01-29,700038.7139,1012632.7139,312594.0,1.012633,1000000.0,1.0179
2018-01-30,700038.7139,1008504.1139,308465.4,1.008504,1000000.0,1.0126
2018-01-31,700038.7139,1001721.4139,301682.7,1.001721,1000000.0,1.0085
2018-02-01,700038.7139,998772.4139,298733.7,0.998772,1000000.0,1.0017
2018-02-02,700038.7139,997887.7139,297849.0,0.997888,1000000.0,0.9988
2018-02-05,700038.7139,999067.3139,299028.6,0.999067,1000000.0,0.9979
2018-02-06,700038.7139,985207.0139,285168.3,0.985207,1000000.0,0.9991
2018-02-07,700038.7139,981963.1139,281924.4,0.981963,1000000.0,0.9852
2018-02-08,700038.7139,980488.6139,280449.9,0.980489,1000000.0,0.982
2018-02-09,700038.7139,959845.6139,259806.9,0.959846,1000000.0,0.9805
2018-02-12,700038.7139,958666.0139,258627.3,0.958666,1000000.0,0.9598
2018-02-13,700038.7139,961615.0139,261576.3,0.961615,1000000.0,0.9587
2018-02-14,700038.7139,961025.2139,260986.5,0.961025,1000000.0,0.9616
2018-02-22,700038.7139,963384.4139,263345.7,0.963384,1000000.0,0.961
2018-02-23,700038.7139,965448.7139,265410.0,0.965449,1000000.0,0.9634
2018-02-26,700038.7139,971641.6139,271602.9,0.971642,1000000.0,0.9654
2018-02-27,700038.7139,969282.4139,269243.7,0.969282,1000000.0,0.9716
2018-02-28,700038.7139,967218.1139,267179.4,0.967218,1000000.0,0.9693
2018-03-01,700038.7139,968102.8139,268064.1,0.968103,1000000.0,0.9672
2018-03-02,700038.7139,965448.7139,265410.0,0.965449,1000000.0,0.9681
2018-03-05,700038.7139,965448.7139,265410.0,0.965449,1000000.0,0.9654
2018-03-06,700038.7139,970756.9139,270718.2,0.970757,1000000.0,0.9654
2018-03-07,700038.7139,967807.9139,267769.2,0.967808,1000000.0,0.9708
2018-03-08,700038.7139,968692.6139,268653.9,0.968693,1000000.0,0.9678
2018-03-09,700038.7139,973116.1139,273077.4,0.973116,1000000.0,0.9687
2018-03-12,700038.7139,977539.6139,277500.9,0.97754,1000000.0,0.9731
2018-03-13,700038.7139,972821.2139,272782.5,0.972821,1000000.0,0.9775
2018-03-14,700038.7139,970756.9139,270718.2,0.970757,1000000.0,0.9728
2018-03-15,700038.7139,969872.2139,269833.5,0.969872,1000000.0,0.9708
2018-03-16,700038.7139,966628.3139,266589.6,0.966628,1000000.0,0.9699
2018-03-19,700038.7139,966923.2139,266884.5,0.966923,1000000.0,0.9666
2018-03-20,700038.7139,966628.3139,266589.6,0.966628,1000000.0,0.9669
2018-03-21,700038.7139,967807.9139,267769.2,0.967808,1000000.0,0.9666
2018-03-22,700038.7139,967218.1139,267179.4,0.967218,1000000.0,0.9678
2018-03-23,700038.7139,952473.1139,252434.4,0.952473,1000000.0,0.9672
2018-03-26,700038.7139,954537.4139,254498.7,0.954537,1000000.0,0.9525
2018-03-27,700038.7139,958076.2139,258037.5,0.958076,1000000.0,0.9545
2018-03-28,700038.7139,954832.3139,254793.6,0.954832,1000000.0,0.9581
2018-03-29,700038.7139,961025.2139,260986.5,0.961025,1000000.0,0.9548
2018-03-30,700038.7139,962204.8139,262166.1,0.962205,1000000.0,0.961
2018-04-02,700038.7139,965448.7139,265410.0,0.965449,1000000.0,0.9622
2018-04-03,700038.7139,965448.7139,265410.0,0.965449,1000000.0,0.9654
2018-04-04,700038.7139,962794.6139,262755.9,0.962795,1000000.0,0.9654
2018-04-09,700038.7139,964269.1139,264230.4,0.964269,1000000.0,0.9628
2018-04-10,700038.7139,968987.5139,268948.8,0.968988,1000000.0,0.9643
2018-04-11,700038.7139,966923.2139,266884.5,0.966923,1000000.0,0.969
2018-04-12,700038.7139,965153.8139,265115.1,0.965154,1000000.0,0.9669
2018-04-13,700038.7139,962499.7139,262461.0,0.9625,1000000.0,0.9652
2018-04-16,700038.7139,956601.7139,256563.0,0.956602,1000000.0,0.9625
2018-04-17,700038.7139,956896.6139,256857.9,0.956897,1000000.0,0.9566
2018-04-18,700038.7139,960140.5139,260101.8,0.960141,1000000.0,0.9569
2018-04-19,700038.7139,961615.0139,261576.3,0.961615,1000000.0,0.9601
2018-04-20,700038.7139,953062.9139,253024.2,0.953063,1000000.0,0.9616
2018-04-23,700038.7139,955717.0139,255678.3,0.955717,1000000.0,0.9531
2018-04-24,700038.7139,962499.7139,262461.0,0.9625,1000000.0,0.9557
2018-04-25,700038.7139,960730.3139,260691.6,0.96073,1000000.0,0.9625
2018-04-26,700038.7139,955422.1139,255383.4,0.955422,1000000.0,0.9607
2018-04-27,700038.7139,958960.9139,258922.2,0.958961,1000000.0,0.9554
2018-05-02,700038.7139,960140.5139,260101.8,0.960141,1000000.0,0.959
2018-05-03,700038.7139,966628.3139,266589.6,0.966628,1000000.0,0.9601
2018-05-04,700038.7139,964269.1139,264230.4,0.964269,1000000.0,0.9666
2018-05-07,700038.7139,967513.0139,267474.3,0.967513,1000000.0,0.9643
2018-05-08,700038.7139,968987.5139,268948.8,0.968988,1000000.0,0.9675
2018-05-09,700038.7139,965743.6139,265704.9,0.965744,1000000.0,0.969
2018-05-10,700038.7139,967218.1139,267179.4,0.967218,1000000.0,0.9657
2018-05-11,700038.7139,964269.1139,264230.4,0.964269,1000000.0,0.9672
2018-05-14,700038.7139,964858.9139,264820.2,0.964859,1000000.0,0.9643
2018-05-15,700038.7139,964564.0139,264525.3,0.964564,1000000.0,0.9649
2018-05-16,700038.7139,961320.1139,261281.4,0.96132,1000000.0,0.9646
2018-05-17,700038.7139,958960.9139,258922.2,0.958961,1000000.0,0.9613
2018-05-18,700038.7139,962204.8139,262166.1,0.962205,1000000.0,0.959
2018-05-21,700038.7139,964269.1139,264230.4,0.964269,1000000.0,0.9622
2018-05-22,700038.7139,962204.8139,262166.1,0.962205,1000000.0,0.9643
2018-05-23,700038.7139,959255.8139,259217.1,0.959256,1000000.0,0.9622
2018-05-24,700038.7139,957191.5139,257152.8,0.957192,1000000.0,0.9593
2018-05-25,700038.7139,955127.2139,255088.5,0.955127,1000000.0,0.9572
2018-05-28,700038.7139,954832.3139,254793.6,0.954832,1000000.0,0.9551
2018-05-29,700038.7139,950113.9139,250075.2,0.950114,1000000.0,0.9548
2018-05-30,700038.7139,941561.8139,241523.1,0.941562,1000000.0,0.9501
2018-05-31,700038.7139,944510.8139,244472.1,0.944511,1000000.0,0.9416
2018-06-01,700038.7139,945985.3139,245946.6,0.945985,1000000.0,0.9445
2018-06-04,700038.7139,945100.6139,245061.9,0.945101,1000000.0,0.946
2018-06-05,700038.7139,946280.2139,246241.5,0.94628,1000000.0,0.9451
2018-06-06,700038.7139,945690.4139,245651.7,0.94569,1000000.0,0.9463
2018-06-07,700038.7139,947164.9139,247126.2,0.947165,1000000.0,0.9457
2018-06-08,700038.7139,941561.8139,241523.1,0.941562,1000000.0,0.9472
2018-06-11,700038.7139,942446.5139,242407.8,0.942447,1000000.0,0.9416
2018-06-12,700038.7139,943036.3139,242997.6,0.943036,1000000.0,0.9424
2018-06-13,700038.7139,938907.7139,238869.0,0.938908,1000000.0,0.943
2018-06-14,700038.7139,940087.3139,240048.6,0.940087,1000000.0,0.9389
2018-06-15,700038.7139,938023.0139,237984.3,0.938023,1000000.0,0.9401
2018-06-19,700038.7139,920329.0139,220290.3,0.920329,1000000.0,0.938
2018-06-20,700038.7139,920329.0139,220290.3,0.920329,1000000.0,0.9203
2018-06-21,700038.7139,912956.5139,212917.8,0.912957,1000000.0,0.9203
2018-06-22,700038.7139,916495.3139,216456.6,0.916495,1000000.0,0.913
2018-06-25,700038.7139,913841.2139,213802.5,0.913841,1000000.0,0.9165
2018-06-26,700038.7139,915905.5139,215866.8,0.915906,1000000.0,0.9138
2018-06-27,700038.7139,914431.0139,214392.3,0.914431,1000000.0,0.9159
2018-06-28,700038.7139,916495.3139,216456.6,0.916495,1000000.0,0.9144
2018-06-29,700038.7139,921803.5139,221764.8,0.921804,1000000.0,0.9165
2018-07-02,700038.7139,916200.4139,216161.7,0.9162,1000000.0,0.9218
2018-07-03,700038.7139,919444.3139,219405.6,0.919444,1000000.0,0.9162
2018-07-04,700038.7139,916200.4139,216161.7,0.9162,1000000.0,0.9194
2018-07-05,700038.7139,913546.3139,213507.6,0.913546,1000000.0,0.9162
2018-07-06,700038.7139,915905.5139,215866.8,0.915906,1000000.0,0.9135
2018-07-09,700038.7139,919444.3139,219405.6,0.919444,1000000.0,0.9159
2018-07-10,700038.7139,919149.4139,219110.7,0.919149,1000000.0,0.9194
2018-07-11,700038.7139,912366.7139,212328.0,0.912367,1000000.0,0.9191
2018-07-12,700038.7139,918559.6139,218520.9,0.91856,1000000.0,0.9124
2018-07-13,700038.7139,917969.8139,217931.1,0.91797,1000000.0,0.9186
2018-07-16,700038.7139,917380.0139,217341.3,0.91738,1000000.0,0.918
2018-07-17,700038.7139,915905.5139,215866.8,0.915906,1000000.0,0.9174
2018-07-18,700038.7139,914431.0139,214392.3,0.914431,1000000.0,0.9159
2018-07-19,700038.7139,913546.3139,213507.6,0.913546,1000000.0,0.9144
2018-07-20,700038.7139,920034.1139,219995.4,0.920034,1000000.0,0.9135
2018-07-23,700038.7139,923278.0139,223239.3,0.923278,1000000.0,0.92
2018-07-24,700038.7139,927406.6139,227367.9,0.927407,1000000.0,0.9233
2018-07-25,700038.7139,925342.3139,225303.6,0.925342,1000000.0,0.9274
2018-07-26,700038.7139,924162.7139,224124.0,0.924163,1000000.0,0.9253
2018-07-27,700038.7139,922393.3139,222354.6,0.922393,1000000.0,0.9242
2018-07-30,700038.7139,921213.7139,221175.0,0.921214,1000000.0,0.9224
2018-07-31,700038.7139,921803.5139,221764.8,0.921804,1000000.0,0.9212
2018-08-01,700038.7139,917380.0139,217341.3,0.91738,1000000.0,0.9218
2018-08-02,700038.7139,910597.3139,210558.6,0.910597,1000000.0,0.9174
2018-08-03,700038.7139,908827.9139,208789.2,0.908828,1000000.0,0.9106
2018-08-06,700038.7139,906763.6139,206724.9,0.906764,1000000.0,0.9088
2018-08-07,700038.7139,912661.6139,212622.9,0.912662,1000000.0,0.9068
2018-08-08,700038.7139,909122.8139,209084.1,0.909123,1000000.0,0.9127
2018-08-09,700038.7139,913546.3139,213507.6,0.913546,1000000.0,0.9091
2018-08-10,700038.7139,913546.3139,213507.6,0.913546,1000000.0,0.9135
2018-08-13,700038.7139,912661.6139,212622.9,0.912662,1000000.0,0.9135
2018-08-14,700038.7139,911187.1139,211148.4,0.911187,1000000.0,0.9127
2018-08-15,700038.7139,907353.4139,207314.7,0.907353,1000000.0,0.9112
2018-08-16,700038.7139,909712.6139,209673.9,0.909713,1000000.0,0.9074
2018-08-17,700038.7139,907648.3139,207609.6,0.907648,1000000.0,0.9097
2018-08-20,700038.7139,910597.3139,210558.6,0.910597,1000000.0,0.9076
2018-08-21,700038.7139,912366.7139,212328.0,0.912367,1000000.0,0.9106
2018-08-22,700038.7139,911187.1139,211148.4,0.911187,1000000.0,0.9124
2018-08-23,700038.7139,912956.5139,212917.8,0.912957,1000000.0,0.9112
2018-08-24,700038.7139,913841.2139,213802.5,0.913841,1000000.0,0.913
2018-08-27,700038.7139,916790.2139,216751.5,0.91679,1000000.0,0.9138
2018-08-28,700038.7139,915905.5139,215866.8,0.915906,1000000.0,0.9168
2018-08-29,700038.7139,914136.1139,214097.4,0.914136,1000000.0,0.9159
2018-08-30,700038.7139,911482.0139,211443.3,0.911482,1000000.0,0.9141
2018-08-31,700038.7139,911482.0139,211443.3,0.911482,1000000.0,0.9115
2018-09-03,700038.7139,911482.0139,211443.3,0.911482,1000000.0,0.9115
2018-09-04,700038.7139,913251.4139,213212.7,0.913251,1000000.0,0.9115
2018-09-05,700038.7139,910007.5139,209968.8,0.910008,1000000.0,0.9133
2018-09-06,700038.7139,909122.8139,209084.1,0.909123,1000000.0,0.91
2018-09-07,700038.7139,909712.6139,209673.9,0.909713,1000000.0,0.9091
2018-09-10,700038.7139,902929.9139,202891.2,0.90293,1000000.0,0.9097
2018-09-11,700038.7139,904109.5139,204070.8,0.90411,1000000.0,0.9029
2018-09-12,700038.7139,904994.2139,204955.5,0.904994,1000000.0,0.9041
2018-09-13,700038.7139,907648.3139,207609.6,0.907648,1000000.0,0.905
2018-09-14,700038.7139,906468.7139,206430.0,0.906469,1000000.0,0.9076
2018-09-17,700038.7139,905878.9139,205840.2,0.905879,1000000.0,0.9065
2018-09-18,700038.7139,909712.6139,209673.9,0.909713,1000000.0,0.9059
2018-09-19,700038.7139,911187.1139,211148.4,0.911187,1000000.0,0.9097
2018-09-20,700038.7139,910892.2139,210853.5,0.910892,1000000.0,0.9112
2018-09-21,700038.7139,915905.5139,215866.8,0.915906,1000000.0,0.9109
2018-09-25,700038.7139,913546.3139,213507.6,0.913546,1000000.0,0.9159
2018-09-26,700038.7139,914136.1139,214097.4,0.914136,1000000.0,0.9135
2018-09-27,700038.7139,912956.5139,212917.8,0.912957,1000000.0,0.9141
2018-09-28,700038.7139,915020.8139,214982.1,0.915021,1000000.0,0.913
2018-10-08,700038.7139,907058.5139,207019.8,0.907059,1000000.0,0.915
2018-10-09,700038.7139,906468.7139,206430.0,0.906469,1000000.0,0.9071
2018-10-10,700038.7139,907058.5139,207019.8,0.907059,1000000.0,0.9065
2018-10-11,700038.7139,891428.8139,191390.1,0.891429,1000000.0,0.9071
2018-10-12,700038.7139,888774.7139,188736.0,0.888775,1000000.0,0.8914
2018-10-15,700038.7139,886120.6139,186081.9,0.886121,1000000.0,0.8888
2018-10-16,700038.7139,884056.3139,184017.6,0.884056,1000000.0,0.8861
2018-10-17,700038.7139,886710.4139,186671.7,0.88671,1000000.0,0.8841
2018-10-18,700038.7139,883761.4139,183722.7,0.883761,1000000.0,0.8867
2018-10-19,700038.7139,889069.6139,189030.9,0.88907,1000000.0,0.8838
2018-10-22,700038.7139,907943.2139,207904.5,0.907943,1000000.0,0.8891
2018-10-23,700038.7139,908238.1139,208199.4,0.908238,1000000.0,0.9079
2018-10-24,700038.7139,912956.5139,212917.8,0.912957,1000000.0,0.9082
2018-10-25,700038.7139,921213.7139,221175.0,0.921214,1000000.0,0.913
2018-10-26,700038.7139,915315.7139,215277.0,0.915316,1000000.0,0.9212
2018-10-29,700038.7139,913251.4139,213212.7,0.913251,1000000.0,0.9153
2018-10-30,700038.7139,924457.6139,224418.9,0.924458,1000000.0,0.9133
2018-10-31,700038.7139,921803.5139,221764.8,0.921804,1000000.0,0.9245
2018-11-01,700038.7139,923867.8139,223829.1,0.923868,1000000.0,0.9218
2018-11-02,700038.7139,929470.9139,229432.2,0.929471,1000000.0,0.9239
2018-11-05,700038.7139,929470.9139,229432.2,0.929471,1000000.0,0.9295
2018-11-06,700038.7139,927406.6139,227367.9,0.927407,1000000.0,0.9295
2018-11-07,700038.7139,923867.8139,223829.1,0.923868,1000000.0,0.9274
2018-11-08,700038.7139,919444.3139,219405.6,0.919444,1000000.0,0.9239
2018-11-09,700038.7139,919739.2139,219700.5,0.919739,1000000.0,0.9194
2018-11-12,700038.7139,923867.8139,223829.1,0.923868,1000000.0,0.9197
2018-11-13,700038.7139,930355.6139,230316.9,0.930356,1000000.0,0.9239
2018-11-14,700038.7139,926227.0139,226188.3,0.926227,1000000.0,0.9304
2018-11-15,700038.7139,933009.7139,232971.0,0.93301,1000000.0,0.9262
2018-11-16,700038.7139,938907.7139,238869.0,0.938908,1000000.0,0.933
2018-11-19,700038.7139,945985.3139,245946.6,0.945985,1000000.0,0.9389
2018-11-20,700038.7139,934484.2139,234445.5,0.934484,1000000.0,0.946
2018-11-21,700038.7139,935368.9139,235330.2,0.935369,1000000.0,0.9345
2018-11-22,700038.7139,932714.8139,232676.1,0.932715,1000000.0,0.9354
2018-11-23,700038.7139,925342.3139,225303.6,0.925342,1000000.0,0.9327
2018-11-26,700038.7139,924457.6139,224418.9,0.924458,1000000.0,0.9253
2018-11-27,700038.7139,925637.2139,225598.5,0.925637,1000000.0,0.9245
2018-11-28,700038.7139,931535.2139,231496.5,0.931535,1000000.0,0.9256
2018-11-29,700038.7139,923867.8139,223829.1,0.923868,1000000.0,0.9315
2018-11-30,700038.7139,926816.8139,226778.1,0.926817,1000000.0,0.9239
2018-12-03,700038.7139,934189.3139,234150.6,0.934189,1000000.0,0.9268
2018-12-04,700038.7139,935368.9139,235330.2,0.935369,1000000.0,0.9342
2018-12-05,700038.7139,933304.6139,233265.9,0.933305,1000000.0,0.9354
2018-12-06,700038.7139,926521.9139,226483.2,0.926522,1000000.0,0.9333
2018-12-07,700038.7139,927406.6139,227367.9,0.927407,1000000.0,0.9265
2018-12-10,700038.7139,924162.7139,224124.0,0.924163,1000000.0,0.9274
2018-12-11,700038.7139,925342.3139,225303.6,0.925342,1000000.0,0.9242
2018-12-12,700038.7139,925932.1139,225893.4,0.925932,1000000.0,0.9253
2018-12-13,700038.7139,928586.2139,228547.5,0.928586,1000000.0,0.9259
2018-12-14,700038.7139,921803.5139,221764.8,0.921804,1000000.0,0.9286
2018-12-17,700038.7139,923278.0139,223239.3,0.923278,1000000.0,0.9218
2018-12-18,700038.7139,918854.5139,218815.8,0.918855,1000000.0,0.9233
2018-12-19,700038.7139,917085.1139,217046.4,0.917085,1000000.0,0.9189
2018-12-20,700038.7139,919149.4139,219110.7,0.919149,1000000.0,0.9171
2018-12-21,700038.7139,915020.8139,214982.1,0.915021,1000000.0,0.9191
2018-12-24,700038.7139,913841.2139,213802.5,0.913841,1000000.0,0.915
2018-12-25,700038.7139,908827.9139,208789.2,0.908828,1000000.0,0.9138
2018-12-26,700038.7139,907353.4139,207314.7,0.907353,1000000.0,0.9088
2018-12-27,700038.7139,906468.7139,206430.0,0.906469,1000000.0,0.9074
2018-12-28,700038.7139,911482.0139,211443.3,0.911482,1000000.0,0.9065
2019-01-02,700038.7139,910597.3139,210558.6,0.910597,1000000.0,0.9115
2019-01-03,700038.7139,915020.8139,214982.1,0.915021,1000000.0,0.9106
2019-01-04,700038.7139,931240.3139,231201.6,0.93124,1000000.0,0.915
2019-01-07,700038.7139,930355.6139,230316.9,0.930356,1000000.0,0.9312
2019-01-08,700038.7139,930650.5139,230611.8,0.930651,1000000.0,0.9304
2019-01-09,700038.7139,931830.1139,231791.4,0.93183,1000000.0,0.9307
2019-01-10,700038.7139,927996.4139,227957.7,0.927996,1000000.0,0.9318
2019-01-11,700038.7139,929765.8139,229727.1,0.929766,1000000.0,0.928
2019-01-14,700038.7139,929176.0139,229137.3,0.929176,1000000.0,0.9298
2019-01-15,700038.7139,935368.9139,235330.2,0.935369,1000000.0,0.9292
2019-01-16,700038.7139,932714.8139,232676.1,0.932715,1000000.0,0.9354
2019-01-17,700038.7139,930355.6139,230316.9,0.930356,1000000.0,0.9327
2019-01-18,700038.7139,933304.6139,233265.9,0.933305,1000000.0,0.9304
2019-01-21,700038.7139,932125.0139,232086.3,0.932125,1000000.0,0.9333
2019-01-22,700038.7139,928291.3139,228252.6,0.928291,1000000.0,0.9321
2019-01-23,700038.7139,927996.4139,227957.7,0.927996,1000000.0,0.9283
2019-01-24,700038.7139,931830.1139,231791.4,0.93183,1000000.0,0.928
2019-01-25,700038.7139,931535.2139,231496.5,0.931535,1000000.0,0.9318
2019-01-28,700038.7139,930060.7139,230022.0,0.930061,1000000.0,0.9315
2019-01-29,700038.7139,928291.3139,228252.6,0.928291,1000000.0,0.9301
2019-01-30,700038.7139,925342.3139,225303.6,0.925342,1000000.0,0.9283
2019-01-31,700038.7139,927996.4139,227957.7,0.927996,1000000.0,0.9253
2019-02-01,700038.7139,934189.3139,234150.6,0.934189,1000000.0,0.928
2019-02-11,700038.7139,938317.9139,238279.2,0.938318,1000000.0,0.9342
2019-02-12,700038.7139,940087.3139,240048.6,0.940087,1000000.0,0.9383
2019-02-13,700038.7139,948049.6139,248010.9,0.94805,1000000.0,0.9401
2019-02-14,700038.7139,947754.7139,247716.0,0.947755,1000000.0,0.948
2019-02-15,700038.7139,941856.7139,241818.0,0.941857,1000000.0,0.9478
2019-02-18,700038.7139,956011.9139,255973.2,0.956012,1000000.0,0.9419
2019-02-19,700038.7139,958076.2139,258037.5,0.958076,1000000.0,0.956
2019-02-20,700038.7139,958960.9139,258922.2,0.958961,1000000.0,0.9581
2019-02-21,700038.7139,960435.4139,260396.7,0.960435,1000000.0,0.959
2019-02-22,700038.7139,986386.6139,286347.9,0.986387,1000000.0,0.9604
2019-02-25,700038.7139,1014991.9139,314953.2,1.014992,1000000.0,0.9864
2019-02-26,700038.7139,1007914.3139,307875.6,1.007914,1000000.0,1.015
2019-02-27,700038.7139,1005555.1139,305516.4,1.005555,1000000.0,1.0079
2019-02-28,700038.7139,996118.3139,296079.6,0.996118,1000000.0,1.0056
2019-03-01,700038.7139,1006144.9139,306106.2,1.006145,1000000.0,0.9961
2019-03-04,700038.7139,1007914.3139,307875.6,1.007914,1000000.0,1.0061
2019-03-05,700038.7139,1007619.4139,307580.7,1.007619,1000000.0,1.0079
2019-03-06,700038.7139,1025018.5139,324979.8,1.025019,1000000.0,1.0076
2019-03-07,700038.7139,1040058.4139,340019.7,1.040058,1000000.0,1.025
2019-03-08,700038.7139,1006734.7139,306696.0,1.006735,1000000.0,1.0401
2019-03-11,700038.7139,1011453.1139,311414.4,1.011453,1000000.0,1.0067
2019-03-12,700038.7139,1015876.6139,315837.9,1.015877,1000000.0,1.0115
2019-03-13,700038.7139,1009683.7139,309645.0,1.009684,1000000.0,1.0159
2019-03-14,700038.7139,999067.3139,299028.6,0.999067,1000000.0,1.0097
2019-03-15,700038.7139,1003490.8139,303452.1,1.003491,1000000.0,0.9991
2019-03-18,700038.7139,1010863.3139,310824.6,1.010863,1000000.0,1.0035
2019-03-19,700038.7139,1007324.5139,307285.8,1.007325,1000000.0,1.0109
2019-03-20,700038.7139,1012927.6139,312888.9,1.012928,1000000.0,1.0073
2019-03-21,700038.7139,1015876.6139,315837.9,1.015877,1000000.0,1.0129
2019-03-22,700038.7139,1012927.6139,312888.9,1.012928,1000000.0,1.0159
2019-03-25,700038.7139,1001426.5139,301387.8,1.001427,1000000.0,1.0129
2019-03-26,700038.7139,991694.8139,291656.1,0.991695,1000000.0,1.0014
2019-03-27,700038.7139,993464.2139,293425.5,0.993464,1000000.0,0.9917
2019-03-28,700038.7139,991399.9139,291361.2,0.9914,1000000.0,0.9935
2019-03-29,700038.7139,1017646.0139,317607.3,1.017646,1000000.0,0.9914
2019-04-01,700038.7139,1020889.9139,320851.2,1.02089,1000000.0,1.0176
2019-04-02,700038.7139,1018825.6139,318786.9,1.018826,1000000.0,1.0209
2019-04-03,700038.7139,1035045.1139,335006.4,1.035045,1000000.0,1.0188
2019-04-04,700038.7139,1035634.9139,335596.2,1.035635,1000000.0,1.035
2019-04-08,700038.7139,1028557.3139,328518.6,1.028557,1000000.0,1.0356
2019-04-09,700038.7139,1028262.4139,328223.7,1.028262,1000000.0,1.0286
2019-04-10,700038.7139,1022659.3139,322620.6,1.022659,1000000.0,1.0283
2019-04-11,700038.7139,1016466.4139,316427.7,1.016466,1000000.0,1.0227
2019-04-12,700038.7139,1017646.0139,317607.3,1.017646,1000000.0,1.0165
2019-04-15,700038.7139,1010568.4139,310529.7,1.010568,1000000.0,1.0176
2019-04-16,700038.7139,1019120.5139,319081.8,1.019121,1000000.0,1.0106
2019-04-17,700038.7139,1016761.3139,316722.6,1.016761,1000000.0,1.0191
2019-04-18,700038.7139,1014107.2139,314068.5,1.014107,1000000.0,1.0168
2019-04-19,700038.7139,1018530.7139,318492.0,1.018531,1000000.0,1.0141
2019-04-22,700038.7139,1010273.5139,310234.8,1.010274,1000000.0,1.0185
2019-04-23,700038.7139,1012337.8139,312299.1,1.012338,1000000.0,1.0103
2019-04-24,700038.7139,1015286.8139,315248.1,1.015287,1000000.0,1.0123
2019-04-25,700038.7139,1005555.1139,305516.4,1.005555,1000000.0,1.0153
2019-04-26,700038.7139,1008209.2139,308170.5,1.008209,1000000.0,1.0056
2019-04-29,700038.7139,994938.7139,294900.0,0.994939,1000000.0,1.0082
2019-04-30,700038.7139,996118.3139,296079.6,0.996118,1000000.0,0.9949
2019-05-06,700038.7139,966923.2139,266884.5,0.966923,1000000.0,0.9961
2019-05-07,700038.7139,972231.4139,272192.7,0.972231,1000000.0,0.9669
2019-05-08,700038.7139,968397.7139,268359.0,0.968398,1000000.0,0.9722
2019-05-09,700038.7139,964269.1139,264230.4,0.964269,1000000.0,0.9684
2019-05-10,700038.7139,976654.9139,276616.2,0.976655,1000000.0,0.9643
2019-05-13,700038.7139,970167.1139,270128.4,0.970167,1000000.0,0.9767
2019-05-14,700038.7139,967513.0139,267474.3,0.967513,1000000.0,0.9702
2019-05-15,700038.7139,971641.6139,271602.9,0.971642,1000000.0,0.9675
2019-05-16,700038.7139,972821.2139,272782.5,0.972821,1000000.0,0.9716
2019-05-17,700038.7139,961025.2139,260986.5,0.961025,1000000.0,0.9728
2019-05-20,700038.7139,963384.4139,263345.7,0.963384,1000000.0,0.961
2019-05-21,700038.7139,967218.1139,267179.4,0.967218,1000000.0,0.9634
2019-05-22,700038.7139,964269.1139,264230.4,0.964269,1000000.0,0.9672
2019-05-23,700038.7139,963679.3139,263640.6,0.963679,1000000.0,0.9643
2019-05-24,700038.7139,963679.3139,263640.6,0.963679,1000000.0,0.9637
2019-05-27,700038.7139,971346.7139,271308.0,0.971347,1000000.0,0.9637
2019-05-28,700038.7139,970167.1139,270128.4,0.970167,1000000.0,0.9713
2019-05-29,700038.7139,970462.0139,270423.3,0.970462,1000000.0,0.9702
2019-05-30,700038.7139,966628.3139,266589.6,0.966628,1000000.0,0.9705
2019-05-31,700038.7139,965153.8139,265115.1,0.965154,1000000.0,0.9666
2019-06-03,700038.7139,965153.8139,265115.1,0.965154,1000000.0,0.9652
2019-06-04,700038.7139,963974.2139,263935.5,0.963974,1000000.0,0.9652
2019-06-05,700038.7139,966628.3139,266589.6,0.966628,1000000.0,0.964
2019-06-06,700038.7139,963974.2139,263935.5,0.963974,1000000.0,0.9666
2019-06-10,700038.7139,960435.4139,260396.7,0.960435,1000000.0,0.964
2019-06-11,700038.7139,974590.6139,274551.9,0.974591,1000000.0,0.9604
2019-06-12,700038.7139,970167.1139,270128.4,0.970167,1000000.0,0.9746
2019-06-13,700038.7139,972821.2139,272782.5,0.972821,1000000.0,0.9702
2019-06-14,700038.7139,967218.1139,267179.4,0.967218,1000000.0,0.9728
2019-06-17,700038.7139,968987.5139,268948.8,0.968988,1000000.0,0.9672
2019-06-18,700038.7139,968987.5139,268948.8,0.968988,1000000.0,0.969
2019-06-19,700038.7139,974590.6139,274551.9,0.974591,1000000.0,0.969
2019-06-20,700038.7139,991399.9139,291361.2,0.9914,1000000.0,0.9746
2019-06-21,700038.7139,995233.6139,295194.9,0.995234,1000000.0,0.9914
2019-06-24,700038.7139,994348.9139,294310.2,0.994349,1000000.0,0.9952
2019-06-25,700038.7139,994643.8139,294605.1,0.994644,1000000.0,0.9943
2019-06-26,700038.7139,988450.9139,288412.2,0.988451,1000000.0,0.9946
2019-06-27,700038.7139,992284.6139,292245.9,0.992285,1000000.0,0.9885
2019-06-28,700038.7139,991989.7139,291951.0,0.99199,1000000.0,0.9923
2019-07-01,700038.7139,998477.5139,298438.8,0.998478,1000000.0,0.992
2019-07-02,700038.7139,995528.5139,295489.8,0.995529,1000000.0,0.9985
2019-07-03,700038.7139,990220.3139,290181.6,0.99022,1000000.0,0.9955
2019-07-04,700038.7139,990515.2139,290476.5,0.990515,1000000.0,0.9902
2019-07-05,700038.7139,990515.2139,290476.5,0.990515,1000000.0,0.9905
2019-07-08,700038.7139,982552.9139,282514.2,0.982553,1000000.0,0.9905
2019-07-09,700038.7139,984617.2139,284578.5,0.984617,1000000.0,0.9826
2019-07-10,700038.7139,984027.4139,283988.7,0.984027,1000000.0,0.9846
2019-07-11,700038.7139,984322.3139,284283.6,0.984322,1000000.0,0.984
2019-07-12,700038.7139,985501.9139,285463.2,0.985502,1000000.0,0.9843
2019-07-15,700038.7139,990810.1139,290771.4,0.99081,1000000.0,0.9855
2019-07-16,700038.7139,989925.4139,289886.7,0.989925,1000000.0,0.9908
2019-07-17,700038.7139,988745.8139,288707.1,0.988746,1000000.0,0.9899
2019-07-18,700038.7139,985207.0139,285168.3,0.985207,1000000.0,0.9887
2019-07-19,700038.7139,990810.1139,290771.4,0.99081,1000000.0,0.9852
2019-07-22,700038.7139,984617.2139,284578.5,0.984617,1000000.0,0.9908
2019-07-23,700038.7139,985501.9139,285463.2,0.985502,1000000.0,0.9846
2019-07-24,700038.7139,988156.0139,288117.3,0.988156,1000000.0,0.9855
2019-07-25,700038.7139,989040.7139,289002.0,0.989041,1000000.0,0.9882
2019-07-26,700038.7139,987861.1139,287822.4,0.987861,1000000.0,0.989
2019-07-29,700038.7139,983142.7139,283104.0,0.983143,1000000.0,0.9879
2019-07-30,700038.7139,986091.7139,286053.0,0.986092,1000000.0,0.9831
2019-07-31,700038.7139,984617.2139,284578.5,0.984617,1000000.0,0.9861
2019-08-01,700038.7139,980488.6139,280449.9,0.980489,1000000.0,0.9846
2019-08-02,700038.7139,972231.4139,272192.7,0.972231,1000000.0,0.9805
2019-08-05,700038.7139,966628.3139,266589.6,0.966628,1000000.0,0.9722
2019-08-06,700038.7139,964564.0139,264525.3,0.964564,1000000.0,0.9666
2019-08-07,700038.7139,960435.4139,260396.7,0.960435,1000000.0,0.9646
2019-08-08,700038.7139,963679.3139,263640.6,0.963679,1000000.0,0.9604
2019-08-09,700038.7139,960730.3139,260691.6,0.96073,1000000.0,0.9637
2019-08-12,700038.7139,966628.3139,266589.6,0.966628,1000000.0,0.9607
2019-08-13,700038.7139,963384.4139,263345.7,0.963384,1000000.0,0.9666
2019-08-14,700038.7139,964269.1139,264230.4,0.964269,1000000.0,0.9634
2019-08-15,700038.7139,963384.4139,263345.7,0.963384,1000000.0,0.9643
2019-08-16,700038.7139,964858.9139,264820.2,0.964859,1000000.0,0.9634
2019-08-19,700038.7139,983142.7139,283104.0,0.983143,1000000.0,0.9649
2019-08-20,700038.7139,980488.6139,280449.9,0.980489,1000000.0,0.9831
2019-08-21,700038.7139,979603.9139,279565.2,0.979604,1000000.0,0.9805
2019-08-22,700038.7139,979014.1139,278975.4,0.979014,1000000.0,0.9796
2019-08-23,700038.7139,977834.5139,277795.8,0.977835,1000000.0,0.979
2019-08-26,700038.7139,974000.8139,273962.1,0.974001,1000000.0,0.9778
2019-08-27,700038.7139,978424.3139,278385.6,0.978424,1000000.0,0.974
2019-08-28,700038.7139,975475.3139,275436.6,0.975475,1000000.0,0.9784
2019-08-29,700038.7139,973705.9139,273667.2,0.973706,1000000.0,0.9755
2019-08-30,700038.7139,972526.3139,272487.6,0.972526,1000000.0,0.9737
2019-09-02,700038.7139,978424.3139,278385.6,0.978424,1000000.0,0.9725
2019-09-03,700038.7139,978719.2139,278680.5,0.978719,1000000.0,0.9784
2019-09-04,700038.7139,984322.3139,284283.6,0.984322,1000000.0,0.9787
2019-09-05,700038.7139,991989.7139,291951.0,0.99199,1000000.0,0.9843
2019-09-06,700038.7139,994643.8139,294605.1,0.994644,1000000.0,0.992
2019-09-09,700038.7139,998772.4139,298733.7,0.998772,1000000.0,0.9946
2019-09-10,700038.7139,999067.3139,299028.6,0.999067,1000000.0,0.9988
2019-09-11,700038.7139,1001131.6139,301092.9,1.001132,1000000.0,0.9991
2019-09-12,700038.7139,1005850.0139,305811.3,1.00585,1000000.0,1.0011
2019-09-16,700038.7139,1001721.4139,301682.7,1.001721,1000000.0,1.0059
2019-09-17,700038.7139,992874.4139,292835.7,0.992874,1000000.0,1.0017
2019-09-18,700038.7139,991105.0139,291066.3,0.991105,1000000.0,0.9929
2019-09-19,700038.7139,993169.3139,293130.6,0.993169,1000000.0,0.9911
2019-09-20,700038.7139,990810.1139,290771.4,0.99081,1000000.0,0.9932
2019-09-23,700038.7139,986976.4139,286937.7,0.986976,1000000.0,0.9908
2019-09-24,700038.7139,987861.1139,287822.4,0.987861,1000000.0,0.987
2019-09-25,700038.7139,986091.7139,286053.0,0.986092,1000000.0,0.9879
2019-09-26,700038.7139,982258.0139,282219.3,0.982258,1000000.0,0.9861
2019-09-27,700038.7139,983732.5139,283693.8,0.983733,1000000.0,0.9823
2019-09-30,700038.7139,977539.6139,277500.9,0.97754,1000000.0,0.9837
2019-10-08,700038.7139,975475.3139,275436.6,0.975475,1000000.0,0.9775
2019-10-09,700038.7139,976065.1139,276026.4,0.976065,1000000.0,0.9755
2019-10-10,700038.7139,978424.3139,278385.6,0.978424,1000000.0,0.9761
2019-10-11,700038.7139,983142.7139,283104.0,0.983143,1000000.0,0.9784
2019-10-14,700038.7139,987566.2139,287527.5,0.987566,1000000.0,0.9831
2019-10-15,700038.7139,984322.3139,284283.6,0.984322,1000000.0,0.9876
2019-10-16,700038.7139,982258.0139,282219.3,0.982258,1000000.0,0.9843
2019-10-17,700038.7139,981668.2139,281629.5,0.981668,1000000.0,0.9823
2019-10-18,700038.7139,974885.5139,274846.8,0.974886,1000000.0,0.9817
2019-10-21,700038.7139,972231.4139,272192.7,0.972231,1000000.0,0.9749
2019-10-22,700038.7139,973705.9139,273667.2,0.973706,1000000.0,0.9722
2019-10-23,700038.7139,971051.8139,271013.1,0.971052,1000000.0,0.9737
2019-10-24,700038.7139,972821.2139,272782.5,0.972821,1000000.0,0.9711
2019-10-25,700038.7139,976360.0139,276321.3,0.97636,1000000.0,0.9728
2019-10-28,700038.7139,980193.7139,280155.0,0.980194,1000000.0,0.9764
2019-10-29,700038.7139,974590.6139,274551.9,0.974591,1000000.0,0.9802
2019-10-30,700038.7139,971641.6139,271602.9,0.971642,1000000.0,0.9746
2019-10-31,700038.7139,971346.7139,271308.0,0.971347,1000000.0,0.9716
2019-11-01,700038.7139,975180.4139,275141.7,0.97518,1000000.0,0.9713
2019-11-04,700038.7139,975475.3139,275436.6,0.975475,1000000.0,0.9752
2019-11-05,700038.7139,979309.0139,279270.3,0.979309,1000000.0,0.9755
2019-11-06,700038.7139,976360.0139,276321.3,0.97636,1000000.0,0.9793
2019-11-07,700038.7139,977539.6139,277500.9,0.97754,1000000.0,0.9764
2019-11-08,700038.7139,973705.9139,273667.2,0.973706,1000000.0,0.9775
2019-11-11,700038.7139,968692.6139,268653.9,0.968693,1000000.0,0.9737
2019-11-12,700038.7139,969282.4139,269243.7,0.969282,1000000.0,0.9687
2019-11-13,700038.7139,966923.2139,266884.5,0.966923,1000000.0,0.9693
2019-11-14,700038.7139,967513.0139,267474.3,0.967513,1000000.0,0.9669
2019-11-15,700038.7139,964269.1139,264230.4,0.964269,1000000.0,0.9675
2019-11-18,700038.7139,967513.0139,267474.3,0.967513,1000000.0,0.9643
2019-11-19,700038.7139,969577.3139,269538.6,0.969577,1000000.0,0.9675
2019-11-20,700038.7139,965448.7139,265410.0,0.965449,1000000.0,0.9696
2019-11-21,700038.7139,965448.7139,265410.0,0.965449,1000000.0,0.9654
2019-11-22,700038.7139,965153.8139,265115.1,0.965154,1000000.0,0.9654
2019-11-25,700038.7139,966333.4139,266294.7,0.966333,1000000.0,0.9652
2019-11-26,700038.7139,965153.8139,265115.1,0.965154,1000000.0,0.9663
2019-11-27,700038.7139,963974.2139,263935.5,0.963974,1000000.0,0.9652
2019-11-28,700038.7139,963974.2139,263935.5,0.963974,1000000.0,0.964
2019-11-29,700038.7139,964858.9139,264820.2,0.964859,1000000.0,0.964
2019-12-02,700038.7139,966628.3139,266589.6,0.966628,1000000.0,0.9649
2019-12-03,700038.7139,968397.7139,268359.0,0.968398,1000000.0,0.9666
2019-12-04,700038.7139,967513.0139,267474.3,0.967513,1000000.0,0.9684
2019-12-05,700038.7139,971641.6139,271602.9,0.971642,1000000.0,0.9675
2019-12-06,700038.7139,973116.1139,273077.4,0.973116,1000000.0,0.9716
2019-12-09,700038.7139,972526.3139,272487.6,0.972526,1000000.0,0.9731
2019-12-10,700038.7139,972231.4139,272192.7,0.972231,1000000.0,0.9725
2019-12-11,700038.7139,972526.3139,272487.6,0.972526,1000000.0,0.9722
2019-12-12,700038.7139,971051.8139,271013.1,0.971052,1000000.0,0.9725
2019-12-13,700038.7139,982258.0139,282219.3,0.982258,1000000.0,0.9711
2019-12-16,700038.7139,985796.8139,285758.1,0.985797,1000000.0,0.9823
2019-12-17,700038.7139,994643.8139,294605.1,0.994644,1000000.0,0.9858
2019-12-18,700038.7139,994348.9139,294310.2,0.994349,1000000.0,0.9946
2019-12-19,700038.7139,992874.4139,292835.7,0.992874,1000000.0,0.9943
2019-12-20,700038.7139,994938.7139,294900.0,0.994939,1000000.0,0.9929
2019-12-23,700038.7139,986681.5139,286642.8,0.986682,1000000.0,0.9949
2019-12-24,700038.7139,989925.4139,289886.7,0.989925,1000000.0,0.9867
2019-12-25,700038.7139,990515.2139,290476.5,0.990515,1000000.0,0.9899
2019-12-26,700038.7139,997297.9139,297259.2,0.997298,1000000.0,0.9905
2019-12-27,700038.7139,991694.8139,291656.1,0.991695,1000000.0,0.9973
2019-12-30,700038.7139,1008504.1139,308465.4,1.008504,1000000.0,0.9917
2019-12-31,700038.7139,1006734.7139,306696.0,1.006735,1000000.0,1.0085
2020-01-02,700038.7139,1009388.8139,309350.1,1.009389,1000000.0,1.0067
2020-01-03,700038.7139,1008209.2139,308170.5,1.008209,1000000.0,1.0094
2020-01-06,700038.7139,1008209.2139,308170.5,1.008209,1000000.0,1.0082
2020-01-07,700038.7139,1010568.4139,310529.7,1.010568,1000000.0,1.0082
2020-01-08,700038.7139,1001131.6139,301092.9,1.001132,1000000.0,1.0106
2020-01-09,700038.7139,1005555.1139,305516.4,1.005555,1000000.0,1.0011
2020-01-10,700038.7139,1006144.9139,306106.2,1.006145,1000000.0,1.0056
2020-01-13,700038.7139,1009683.7139,309645.0,1.009684,1000000.0,1.0061
2020-01-14,700038.7139,1005555.1139,305516.4,1.005555,1000000.0,1.0097
2020-01-15,700038.7139,1004080.6139,304041.9,1.004081,1000000.0,1.0056
2020-01-16,700038.7139,1002606.1139,302567.4,1.002606,1000000.0,1.0041
2020-01-17,700038.7139,1004080.6139,304041.9,1.004081,1000000.0,1.0026
2020-01-20,700038.7139,1008504.1139,308465.4,1.008504,1000000.0,1.0041
2020-01-21,700038.7139,1003195.9139,303157.2,1.003196,1000000.0,1.0085
2020-01-22,700038.7139,1005260.2139,305221.5,1.00526,1000000.0,1.0032
2020-01-23,700038.7139,993169.3139,293130.6,0.993169,1000000.0,1.0053
2020-02-03,700038.7139,963974.2139,263935.5,0.963974,1000000.0,0.9932
2020-02-04,700038.7139,963089.5139,263050.8,0.96309,1000000.0,0.964
2020-02-05,700038.7139,966923.2139,266884.5,0.966923,1000000.0,0.9631
2020-02-06,700038.7139,973705.9139,273667.2,0.973706,1000000.0,0.9669
2020-02-07,700038.7139,974000.8139,273962.1,0.974001,1000000.0,0.9737
2020-02-10,700038.7139,976654.9139,276616.2,0.976655,1000000.0,0.974
2020-02-11,700038.7139,976360.0139,276321.3,0.97636,1000000.0,0.9767
2020-02-12,700038.7139,981078.4139,281039.7,0.981078,1000000.0,0.9764
2020-02-13,700038.7139,976360.0139,276321.3,0.97636,1000000.0,0.9811
2020-02-14,700038.7139,981373.3139,281334.6,0.981373,1000000.0,0.9764
2020-02-17,700038.7139,996118.3139,296079.6,0.996118,1000000.0,0.9814
2020-02-18,700038.7139,994054.0139,294015.3,0.994054,1000000.0,0.9961
2020-02-19,700038.7139,994643.8139,294605.1,0.994644,1000000.0,0.9941
2020-02-20,700038.7139,1014991.9139,314953.2,1.014992,1000000.0,0.9946
2020-02-21,700038.7139,1013812.3139,313773.6,1.013812,1000000.0,1.015
2020-02-24,700038.7139,1014107.2139,314068.5,1.014107,1000000.0,1.0138
2020-02-25,700038.7139,1016466.4139,316427.7,1.016466,1000000.0,1.0141
2020-02-26,700038.7139,1010568.4139,310529.7,1.010568,1000000.0,1.0165
2020-02-27,700038.7139,1011158.2139,311119.5,1.011158,1000000.0,1.0106
2020-02-28,700038.7139,991105.0139,291066.3,0.991105,1000000.0,1.0112
2020-03-02,700038.7139,1005555.1139,305516.4,1.005555,1000000.0,0.9911
2020-03-03,700038.7139,1008504.1139,308465.4,1.008504,1000000.0,1.0056
2020-03-04,700038.7139,1017056.2139,317017.5,1.017056,1000000.0,1.0085
2020-03-05,700038.7139,1026787.9139,326749.2,1.026788,1000000.0,1.0171
2020-03-06,700038.7139,1014697.0139,314658.3,1.014697,1000000.0,1.0268
2020-03-09,700038.7139,1004965.3139,304926.6,1.004965,1000000.0,1.0147
2020-03-10,700038.7139,1014991.9139,314953.2,1.014992,1000000.0,1.005
2020-03-11,700038.7139,1005850.0139,305811.3,1.00585,1000000.0,1.015
2020-03-12,700038.7139,1002311.2139,302272.5,1.002311,1000000.0,1.0059
2020-03-13,700038.7139,999657.1139,299618.4,0.999657,1000000.0,1.0023
2020-03-16,700038.7139,982847.8139,282809.1,0.982848,1000000.0,0.9997
2020-03-17,700038.7139,983437.6139,283398.9,0.983438,1000000.0,0.9828
2020-03-18,700038.7139,974295.7139,274257.0,0.974296,1000000.0,0.9834
2020-03-19,700038.7139,977834.5139,277795.8,0.977835,1000000.0,0.9743
2020-03-20,700038.7139,981373.3139,281334.6,0.981373,1000000.0,0.9778
2020-03-23,700038.7139,968987.5139,268948.8,0.968988,1000000.0,0.9814
2020-03-24,700038.7139,976065.1139,276026.4,0.976065,1000000.0,0.969
2020-03-25,700038.7139,980488.6139,280449.9,0.980489,1000000.0,0.9761
2020-03-26,700038.7139,975475.3139,275436.6,0.975475,1000000.0,0.9805
2020-03-27,700038.7139,977539.6139,277500.9,0.97754,1000000.0,0.9755
2020-03-30,700038.7139,974885.5139,274846.8,0.974886,1000000.0,0.9775
2020-03-31,700038.7139,973411.0139,273372.3,0.973411,1000000.0,0.9749
2020-04-01,700038.7139,971936.5139,271897.8,0.971937,1000000.0,0.9734
2020-04-02,700038.7139,977244.7139,277206.0,0.977245,1000000.0,0.9719
2020-04-03,700038.7139,973116.1139,273077.4,0.973116,1000000.0,0.9772
2020-04-07,700038.7139,979603.9139,279565.2,0.979604,1000000.0,0.9731
2020-04-08,700038.7139,978129.4139,278090.7,0.978129,1000000.0,0.9796
2020-04-09,700038.7139,980783.5139,280744.8,0.980784,1000000.0,0.9781
2020-04-10,700038.7139,976949.8139,276911.1,0.97695,1000000.0,0.9808
2020-04-13,700038.7139,974000.8139,273962.1,0.974001,1000000.0,0.9769
2020-04-14,700038.7139,981373.3139,281334.6,0.981373,1000000.0,0.974
2020-04-15,700038.7139,978424.3139,278385.6,0.978424,1000000.0,0.9814
2020-04-16,700038.7139,980783.5139,280744.8,0.980784,1000000.0,0.9784
2020-04-17,700038.7139,980193.7139,280155.0,0.980194,1000000.0,0.9808
2020-04-20,700038.7139,981373.3139,281334.6,0.981373,1000000.0,0.9802
2020-04-21,700038.7139,976065.1139,276026.4,0.976065,1000000.0,0.9814
2020-04-22,700038.7139,976949.8139,276911.1,0.97695,1000000.0,0.9761
2020-04-23,700038.7139,974590.6139,274551.9,0.974591,1000000.0,0.9769
2020-04-24,700038.7139,969872.2139,269833.5,0.969872,1000000.0,0.9746
2020-04-27,700038.7139,969282.4139,269243.7,0.969282,1000000.0,0.9699
2020-04-28,700038.7139,972821.2139,272782.5,0.972821,1000000.0,0.9693
2020-04-29,700038.7139,973116.1139,273077.4,0.973116,1000000.0,0.9728
2020-04-30,700038.7139,979309.0139,279270.3,0.979309,1000000.0,0.9731
2020-05-06,700038.7139,980193.7139,280155.0,0.980194,1000000.0,0.9793
2020-05-07,700038.7139,978129.4139,278090.7,0.978129,1000000.0,0.9802
2020-05-08,700038.7139,983437.6139,283398.9,0.983438,1000000.0,0.9781
2020-05-11,700038.7139,981373.3139,281334.6,0.981373,1000000.0,0.9834
2020-05-12,700038.7139,980488.6139,280449.9,0.980489,1000000.0,0.9814
2020-05-13,700038.7139,980488.6139,280449.9,0.980489,1000000.0,0.9805
2020-05-14,700038.7139,976654.9139,276616.2,0.976655,1000000.0,0.9805
2020-05-15,700038.7139,977244.7139,277206.0,0.977245,1000000.0,0.9767
2020-05-18,700038.7139,976065.1139,276026.4,0.976065,1000000.0,0.9772
2020-05-19,700038.7139,977539.6139,277500.9,0.97754,1000000.0,0.9761
2020-05-20,700038.7139,975475.3139,275436.6,0.975475,1000000.0,0.9775
2020-05-21,700038.7139,973116.1139,273077.4,0.973116,1000000.0,0.9755
2020-05-22,700038.7139,966923.2139,266884.5,0.966923,1000000.0,0.9731
2020-05-25,700038.7139,965448.7139,265410.0,0.965449,1000000.0,0.9669
2020-05-26,700038.7139,968102.8139,268064.1,0.968103,1000000.0,0.9654
2020-05-27,700038.7139,965153.8139,265115.1,0.965154,1000000.0,0.9681
2020-05-28,700038.7139,968692.6139,268653.9,0.968693,1000000.0,0.9652
2020-05-29,700038.7139,967513.0139,267474.3,0.967513,1000000.0,0.9687
2020-06-01,700038.7139,979014.1139,278975.4,0.979014,1000000.0,0.9675
2020-06-02,700038.7139,978129.4139,278090.7,0.978129,1000000.0,0.979
2020-06-03,700038.7139,975475.3139,275436.6,0.975475,1000000.0,0.9781
2020-06-04,700038.7139,974000.8139,273962.1,0.974001,1000000.0,0.9755
2020-06-05,700038.7139,976949.8139,276911.1,0.97695,1000000.0,0.974
2020-06-08,700038.7139,975475.3139,275436.6,0.975475,1000000.0,0.9769
2020-06-09,700038.7139,978129.4139,278090.7,0.978129,1000000.0,0.9755
2020-06-10,700038.7139,976065.1139,276026.4,0.976065,1000000.0,0.9781
2020-06-11,700038.7139,974295.7139,274257.0,0.974296,1000000.0,0.9761
2020-06-12,700038.7139,974000.8139,273962.1,0.974001,1000000.0,0.9743
2020-06-15,700038.7139,973411.0139,273372.3,0.973411,1000000.0,0.974
2020-06-16,700038.7139,976065.1139,276026.4,0.976065,1000000.0,0.9734
2020-06-17,700038.7139,975180.4139,275141.7,0.97518,1000000.0,0.9761
2020-06-18,700038.7139,978129.4139,278090.7,0.978129,1000000.0,0.9752
2020-06-19,700038.7139,987566.2139,287527.5,0.987566,1000000.0,0.9781
2020-06-22,700038.7139,995528.5139,295489.8,0.995529,1000000.0,0.9876
2020-06-23,700038.7139,997887.7139,297849.0,0.997888,1000000.0,0.9955
2020-06-24,700038.7139,998182.6139,298143.9,0.998183,1000000.0,0.9979
2020-06-29,700038.7139,988745.8139,288707.1,0.988746,1000000.0,0.9982
2020-06-30,700038.7139,998477.5139,298438.8,0.998478,1000000.0,0.9887
2020-07-01,700038.7139,1004080.6139,304041.9,1.004081,1000000.0,0.9985
2020-07-02,700038.7139,1029147.1139,329108.4,1.029147,1000000.0,1.0041
2020-07-03,700038.7139,1062175.9139,362137.2,1.062176,1000000.0,1.0291
2020-07-06,700038.7139,1098448.6139,398409.9,1.098449,1000000.0,1.0622
2020-07-07,700038.7139,1077510.7139,377472.0,1.077511,1000000.0,1.0984
2020-07-08,700038.7139,1099038.4139,398999.7,1.099038,1000000.0,1.0775
2020-07-09,700038.7139,1101102.7139,401064.0,1.101103,1000000.0,1.099
2020-07-10,700038.7139,1092550.6139,392511.9,1.092551,1000000.0,1.1011
2020-07-13,700038.7139,1098448.6139,398409.9,1.098449,1000000.0,1.0926
2020-07-14,700038.7139,1099923.1139,399884.4,1.099923,1000000.0,1.0984
2020-07-15,700038.7139,1087832.2139,387793.5,1.087832,1000000.0,1.0999
2020-07-16,700038.7139,1067484.1139,367445.4,1.067484,1000000.0,1.0878
2020-07-17,700038.7139,1055983.0139,355944.3,1.055983,1000000.0,1.0675
2020-07-20,700038.7139,1076331.1139,376292.4,1.076331,1000000.0,1.056
2020-07-21,700038.7139,1069843.3139,369804.6,1.069843,1000000.0,1.0763
2020-07-22,700038.7139,1073087.2139,373048.5,1.073087,1000000.0,1.0698
2020-07-23,700038.7139,1074561.7139,374523.0,1.074562,1000000.0,1.0731
2020-07-24,700038.7139,1051264.6139,351225.9,1.051265,1000000.0,1.0746
2020-07-27,700038.7139,1050379.9139,350341.2,1.05038,1000000.0,1.0513
2020-07-28,700038.7139,1050379.9139,350341.2,1.05038,1000000.0,1.0504
2020-07-29,700038.7139,1064535.1139,364496.4,1.064535,1000000.0,1.0504
2020-07-30,700038.7139,1061586.1139,361547.4,1.061586,1000000.0,1.0645
2020-07-31,700038.7139,1067189.2139,367150.5,1.067189,1000000.0,1.0616
2020-08-03,700038.7139,1075151.5139,375112.8,1.075152,1000000.0,1.0672
2020-08-04,700038.7139,1072792.3139,372753.6,1.072792,1000000.0,1.0752
2020-08-05,700038.7139,1071022.9139,370984.2,1.071023,1000000.0,1.0728
2020-08-06,700038.7139,1083998.5139,383959.8,1.083999,1000000.0,1.071
2020-08-07,700038.7139,1070728.0139,370689.3,1.070728,1000000.0,1.084
2020-08-10,700038.7139,1074856.6139,374817.9,1.074857,1000000.0,1.0707
2020-08-11,700038.7139,1062175.9139,362137.2,1.062176,1000000.0,1.0749
2020-08-12,700038.7139,1060111.6139,360072.9,1.060112,1000000.0,1.0622
2020-08-13,700038.7139,1062470.8139,362432.1,1.062471,1000000.0,1.0601
2020-08-14,700038.7139,1068368.8139,368330.1,1.068369,1000000.0,1.0625
2020-08-17,700038.7139,1086652.6139,386613.9,1.086653,1000000.0,1.0684
2020-08-18,700038.7139,1083703.6139,383664.9,1.083704,1000000.0,1.0867
2020-08-19,700038.7139,1076331.1139,376292.4,1.076331,1000000.0,1.0837
2020-08-20,700038.7139,1069548.4139,369509.7,1.069548,1000000.0,1.0763
2020-08-21,700038.7139,1076036.2139,375997.5,1.076036,1000000.0,1.0695
2020-08-24,700038.7139,1073382.1139,373343.4,1.073382,1000000.0,1.076
2020-08-25,700038.7139,1071907.6139,371868.9,1.071908,1000000.0,1.0734
2020-08-26,700038.7139,1062470.8139,362432.1,1.062471,1000000.0,1.0719
2020-08-27,700038.7139,1063650.4139,363611.7,1.06365,1000000.0,1.0625
2020-08-28,700038.7139,1074266.8139,374228.1,1.074267,1000000.0,1.0637
2020-08-31,700038.7139,1073382.1139,373343.4,1.073382,1000000.0,1.0743
2020-09-01,700038.7139,1075151.5139,375112.8,1.075152,1000000.0,1.0734
2020-09-02,700038.7139,1073971.9139,373933.2,1.073972,1000000.0,1.0752
2020-09-03,700038.7139,1071022.9139,370984.2,1.071023,1000000.0,1.074
2020-09-04,700038.7139,1067484.1139,367445.4,1.067484,1000000.0,1.071
2020-09-07,700038.7139,1056277.9139,356239.2,1.056278,1000000.0,1.0675
2020-09-08,700038.7139,1063060.6139,363021.9,1.063061,1000000.0,1.0563
2020-09-09,700038.7139,1055688.1139,355649.4,1.055688,1000000.0,1.0631
2020-09-10,700038.7139,1048610.5139,348571.8,1.048611,1000000.0,1.0557
2020-09-11,700038.7139,1048315.6139,348276.9,1.048316,1000000.0,1.0486
2020-09-14,700038.7139,1048610.5139,348571.8,1.048611,1000000.0,1.0483
2020-09-15,700038.7139,1049790.1139,349751.4,1.04979,1000000.0,1.0486
2020-09-16,700038.7139,1048315.6139,348276.9,1.048316,1000000.0,1.0498
2020-09-17,700038.7139,1045071.7139,345033.0,1.045072,1000000.0,1.0483
2020-09-18,700038.7139,1063945.3139,363906.6,1.063945,1000000.0,1.0451
2020-09-21,700038.7139,1061291.2139,361252.5,1.061291,1000000.0,1.0639
2020-09-22,700038.7139,1062765.7139,362727.0,1.062766,1000000.0,1.0613
2020-09-23,700038.7139,1059226.9139,359188.2,1.059227,1000000.0,1.0628
2020-09-24,700038.7139,1055098.3139,355059.6,1.055098,1000000.0,1.0592
2020-09-25,700038.7139,1060701.4139,360662.7,1.060701,1000000.0,1.0551
2020-09-28,700038.7139,1060111.6139,360072.9,1.060112,1000000.0,1.0607
2020-09-29,700038.7139,1061291.2139,361252.5,1.061291,1000000.0,1.0601
2020-09-30,700038.7139,1056277.9139,356239.2,1.056278,1000000.0,1.0613
2020-10-09,700038.7139,1062175.9139,362137.2,1.062176,1000000.0,1.0563
2020-10-12,700038.7139,1076626.0139,376587.3,1.076626,1000000.0,1.0622
2020-10-13,700038.7139,1071022.9139,370984.2,1.071023,1000000.0,1.0766
2020-10-14,700038.7139,1066599.4139,366560.7,1.066599,1000000.0,1.071
2020-10-15,700038.7139,1065714.7139,365676.0,1.065715,1000000.0,1.0666
2020-10-16,700038.7139,1067779.0139,367740.3,1.067779,1000000.0,1.0657
2020-10-19,700038.7139,1063355.5139,363316.8,1.063356,1000000.0,1.0678
2020-10-20,700038.7139,1063945.3139,363906.6,1.063945,1000000.0,1.0634
2020-10-21,700038.7139,1061586.1139,361547.4,1.061586,1000000.0,1.0639
2020-10-22,700038.7139,1064240.2139,364201.5,1.06424,1000000.0,1.0616
2020-10-23,700038.7139,1058342.2139,358303.5,1.058342,1000000.0,1.0642
2020-10-26,700038.7139,1047136.0139,347097.3,1.047136,1000000.0,1.0583
2020-10-27,700038.7139,1046251.3139,346212.6,1.046251,1000000.0,1.0471
2020-10-28,700038.7139,1048315.6139,348276.9,1.048316,1000000.0,1.0463
2020-10-29,700038.7139,1051264.6139,351225.9,1.051265,1000000.0,1.0483
2020-10-30,700038.7139,1038878.8139,338840.1,1.038879,1000000.0,1.0513
2020-11-02,700038.7139,1037994.1139,337955.4,1.037994,1000000.0,1.0389
2020-11-03,700038.7139,1046251.3139,346212.6,1.046251,1000000.0,1.038
2020-11-04,700038.7139,1044481.9139,344443.2,1.044482,1000000.0,1.0463
2020-11-05,700038.7139,1049790.1139,349751.4,1.04979,1000000.0,1.0445
2020-11-06,700038.7139,1050969.7139,350931.0,1.05097,1000000.0,1.0498
2020-11-09,700038.7139,1064535.1139,364496.4,1.064535,1000000.0,1.051
2020-11-10,700038.7139,1058637.1139,358598.4,1.058637,1000000.0,1.0645
2020-11-11,700038.7139,1050969.7139,350931.0,1.05097,1000000.0,1.0586
2020-11-12,700038.7139,1049200.3139,349161.6,1.0492,1000000.0,1.051
2020-11-13,700038.7139,1045661.5139,345622.8,1.045662,1000000.0,1.0492
2020-11-16,700038.7139,1047725.8139,347687.1,1.047726,1000000.0,1.0457
2020-11-17,700038.7139,1048315.6139,348276.9,1.048316,1000000.0,1.0477
2020-11-18,700038.7139,1050085.0139,350046.3,1.050085,1000000.0,1.0483
2020-11-19,700038.7139,1050379.9139,350341.2,1.05038,1000000.0,1.0501
2020-11-20,700038.7139,1050674.8139,350636.1,1.050675,1000000.0,1.0504
2020-11-23,700038.7139,1057457.5139,357418.8,1.057458,1000000.0,1.0507
2020-11-24,700038.7139,1054508.5139,354469.8,1.054509,1000000.0,1.0575
2020-11-25,700038.7139,1048905.4139,348866.7,1.048905,1000000.0,1.0545
2020-11-26,700038.7139,1050379.9139,350341.2,1.05038,1000000.0,1.0489
2020-11-27,700038.7139,1058047.3139,358008.6,1.058047,1000000.0,1.0504
2020-11-30,700038.7139,1060406.5139,360367.8,1.060407,1000000.0,1.058
2020-12-01,700038.7139,1073971.9139,373933.2,1.073972,1000000.0,1.0604
2020-12-02,700038.7139,1073087.2139,373048.5,1.073087,1000000.0,1.074
2020-12-03,700038.7139,1073677.0139,373638.3,1.073677,1000000.0,1.0731
2020-12-04,700038.7139,1068073.9139,368035.2,1.068074,1000000.0,1.0737
2020-12-07,700038.7139,1060701.4139,360662.7,1.060701,1000000.0,1.0681
2020-12-08,700038.7139,1061586.1139,361547.4,1.061586,1000000.0,1.0607
2020-12-09,700038.7139,1050085.0139,350046.3,1.050085,1000000.0,1.0616
2020-12-10,700038.7139,1048315.6139,348276.9,1.048316,1000000.0,1.0501
2020-12-11,700038.7139,1044187.0139,344148.3,1.044187,1000000.0,1.0483
2020-12-14,700038.7139,1043892.1139,343853.4,1.043892,1000000.0,1.0442
2020-12-15,700038.7139,1044776.8139,344738.1,1.044777,1000000.0,1.0439
2020-12-16,700038.7139,1040943.1139,340904.4,1.040943,1000000.0,1.0448
2020-12-17,700038.7139,1050085.0139,350046.3,1.050085,1000000.0,1.0409
2020-12-18,700038.7139,1045956.4139,345917.7,1.045956,1000000.0,1.0501
2020-12-21,700038.7139,1049495.2139,349456.5,1.049495,1000000.0,1.046
2020-12-22,700038.7139,1034750.2139,334711.5,1.03475,1000000.0,1.0495
2020-12-23,700038.7139,1037404.3139,337365.6,1.037404,1000000.0,1.0348
2020-12-24,700038.7139,1034160.4139,334121.7,1.03416,1000000.0,1.0374
2020-12-25,700038.7139,1038289.0139,338250.3,1.038289,1000000.0,1.0342
2020-12-28,700038.7139,1036519.6139,336480.9,1.03652,1000000.0,1.0383
2020-12-29,700038.7139,1038289.0139,338250.3,1.038289,1000000.0,1.0365
2020-12-30,700038.7139,1044776.8139,344738.1,1.044777,1000000.0,1.0383
2020-12-31,700038.7139,1060406.5139,360367.8,1.060407,1000000.0,1.0448
2021-01-04,700038.7139,1063355.5139,363316.8,1.063356,1000000.0,1.0604
2021-01-05,700038.7139,1062470.8139,362432.1,1.062471,1000000.0,1.0634
2021-01-06,700038.7139,1062470.8139,362432.1,1.062471,1000000.0,1.0625
2021-01-07,700038.7139,1066009.6139,365970.9,1.06601,1000000.0,1.0625
2021-01-08,700038.7139,1063060.6139,363021.9,1.063061,1000000.0,1.066
2021-01-11,700038.7139,1054508.5139,354469.8,1.054509,1000000.0,1.0631
2021-01-12,700038.7139,1079280.1139,379241.4,1.07928,1000000.0,1.0545
2021-01-13,700038.7139,1069548.4139,369509.7,1.069548,1000000.0,1.0793
2021-01-14,700038.7139,1060406.5139,360367.8,1.060407,1000000.0,1.0695
2021-01-15,700038.7139,1060111.6139,360072.9,1.060112,1000000.0,1.0604
2021-01-18,700038.7139,1063650.4139,363611.7,1.06365,1000000.0,1.0601
2021-01-19,700038.7139,1063060.6139,363021.9,1.063061,1000000.0,1.0637
2021-01-20,700038.7139,1063060.6139,363021.9,1.063061,1000000.0,1.0631
2021-01-21,700038.7139,1068958.6139,368919.9,1.068959,1000000.0,1.0631
2021-01-22,700038.7139,1060996.3139,360957.6,1.060996,1000000.0,1.069
2021-01-25,700038.7139,1058342.2139,358303.5,1.058342,1000000.0,1.061
2021-01-26,700038.7139,1045366.6139,345327.9,1.045367,1000000.0,1.0583
2021-01-27,700038.7139,1046251.3139,346212.6,1.046251,1000000.0,1.0454
2021-01-28,700038.7139,1044481.9139,344443.2,1.044482,1000000.0,1.0463
2021-01-29,700038.7139,1040943.1139,340904.4,1.040943,1000000.0,1.0445
2021-02-01,700038.7139,1039468.6139,339429.9,1.039469,1000000.0,1.0409
2021-02-02,700038.7139,1040058.4139,340019.7,1.040058,1000000.0,1.0395
2021-02-03,700038.7139,1035340.0139,335301.3,1.03534,1000000.0,1.0401
2021-02-04,700038.7139,1027082.8139,327044.1,1.027083,1000000.0,1.0353
2021-02-05,700038.7139,1024723.6139,324684.9,1.024724,1000000.0,1.0271
2021-02-08,700038.7139,1025018.5139,324979.8,1.025019,1000000.0,1.0247
2021-02-09,700038.7139,1034455.3139,334416.6,1.034455,1000000.0,1.025
2021-02-10,700038.7139,1034160.4139,334121.7,1.03416,1000000.0,1.0345
2021-02-18,700038.7139,1035929.8139,335891.1,1.03593,1000000.0,1.0342
2021-02-19,700038.7139,1042712.5139,342673.8,1.042713,1000000.0,1.0359
2021-02-22,700038.7139,1032391.0139,332352.3,1.032391,1000000.0,1.0427
2021-02-23,700038.7139,1031211.4139,331172.7,1.031211,1000000.0,1.0324
2021-02-24,700038.7139,1028852.2139,328813.5,1.028852,1000000.0,1.0312
2021-02-25,700038.7139,1029147.1139,329108.4,1.029147,1000000.0,1.0289
2021-02-26,700038.7139,1023838.9139,323800.2,1.023839,1000000.0,1.0291
2021-03-01,700038.7139,1021479.7139,321441.0,1.02148,1000000.0,1.0238
2021-03-02,700038.7139,1017646.0139,317607.3,1.017646,1000000.0,1.0215
2021-03-03,700038.7139,1023544.0139,323505.3,1.023544,1000000.0,1.0176
2021-03-04,700038.7139,1015876.6139,315837.9,1.015877,1000000.0,1.0235
2021-03-05,700038.7139,1022364.4139,322325.7,1.022364,1000000.0,1.0159
2021-03-08,700038.7139,1016466.4139,316427.7,1.016466,1000000.0,1.0224
2021-03-09,700038.7139,1008209.2139,308170.5,1.008209,1000000.0,1.0165
2021-03-10,700038.7139,1006439.8139,306401.1,1.00644,1000000.0,1.0082
2021-03-11,700038.7139,1011453.1139,311414.4,1.011453,1000000.0,1.0064
2021-03-12,700038.7139,1011453.1139,311414.4,1.011453,1000000.0,1.0115
2021-03-15,700038.7139,1004375.5139,304336.8,1.004376,1000000.0,1.0115
2021-03-16,700038.7139,1005850.0139,305811.3,1.00585,1000000.0,1.0044
2021-03-17,700038.7139,1006439.8139,306401.1,1.00644,1000000.0,1.0059
2021-03-18,700038.7139,1007029.6139,306990.9,1.00703,1000000.0,1.0064
2021-03-19,700038.7139,1003785.7139,303747.0,1.003786,1000000.0,1.007
2021-03-22,700038.7139,1009388.8139,309350.1,1.009389,1000000.0,1.0038
2021-03-23,700038.7139,1010863.3139,310824.6,1.010863,1000000.0,1.0094
2021-03-24,700038.7139,1012632.7139,312594.0,1.012633,1000000.0,1.0109
2021-03-25,700038.7139,1009978.6139,309939.9,1.009979,1000000.0,1.0126
2021-03-26,700038.7139,1011748.0139,311709.3,1.011748,1000000.0,1.01
2021-03-29,700038.7139,1011453.1139,311414.4,1.011453,1000000.0,1.0117
2021-03-30,700038.7139,1010273.5139,310234.8,1.010274,1000000.0,1.0115
2021-03-31,700038.7139,1005850.0139,305811.3,1.00585,1000000.0,1.0103
2021-04-01,700038.7139,1008209.2139,308170.5,1.008209,1000000.0,1.0059
2021-04-02,700038.7139,1009093.9139,309055.2,1.009094,1000000.0,1.0082
2021-04-06,700038.7139,1008504.1139,308465.4,1.008504,1000000.0,1.0091
2021-04-07,700038.7139,1007619.4139,307580.7,1.007619,1000000.0,1.0085
2021-04-08,700038.7139,1009093.9139,309055.2,1.009094,1000000.0,1.0076
2021-04-09,700038.7139,1005555.1139,305516.4,1.005555,1000000.0,1.0091
2021-04-12,700038.7139,999362.2139,299323.5,0.999362,1000000.0,1.0056
2021-04-13,700038.7139,998772.4139,298733.7,0.998772,1000000.0,0.9994
2021-04-14,700038.7139,1002311.2139,302272.5,1.002311,1000000.0,0.9988
2021-04-15,700038.7139,999362.2139,299323.5,0.999362,1000000.0,1.0023
2021-04-16,700038.7139,1001426.5139,301387.8,1.001427,1000000.0,0.9994
2021-04-19,700038.7139,1009388.8139,309350.1,1.009389,1000000.0,1.0014
2021-04-20,700038.7139,1006439.8139,306401.1,1.00644,1000000.0,1.0094
2021-04-21,700038.7139,1005850.0139,305811.3,1.00585,1000000.0,1.0064
2021-04-22,700038.7139,1006734.7139,306696.0,1.006735,1000000.0,1.0059
2021-04-23,700038.7139,1006144.9139,306106.2,1.006145,1000000.0,1.0067
2021-04-26,700038.7139,1000836.7139,300798.0,1.000837,1000000.0,1.0061
2021-04-27,700038.7139,999067.3139,299028.6,0.999067,1000000.0,1.0008
2021-04-28,700038.7139,999952.0139,299913.3,0.999952,1000000.0,0.9991
2021-04-29,700038.7139,1007324.5139,307285.8,1.007325,1000000.0,1.0
2021-04-30,700038.7139,1004080.6139,304041.9,1.004081,1000000.0,1.0073
2021-05-06,700038.7139,1001426.5139,301387.8,1.001427,1000000.0,1.0041
2021-05-07,700038.7139,997003.0139,296964.3,0.997003,1000000.0,1.0014
2021-05-10,700038.7139,994348.9139,294310.2,0.994349,1000000.0,0.997
2021-05-11,700038.7139,998772.4139,298733.7,0.998772,1000000.0,0.9943
2021-05-12,700038.7139,997887.7139,297849.0,0.997888,1000000.0,0.9988
2021-05-13,700038.7139,996708.1139,296669.4,0.996708,1000000.0,0.9979
2021-05-14,700038.7139,1018825.6139,318786.9,1.018826,1000000.0,0.9967
2021-05-17,700038.7139,1014402.1139,314363.4,1.014402,1000000.0,1.0188
2021-05-18,700038.7139,1014107.2139,314068.5,1.014107,1000000.0,1.0144
2021-05-19,700038.7139,1013812.3139,313773.6,1.013812,1000000.0,1.0141
2021-05-20,700038.7139,1018235.8139,318197.1,1.018236,1000000.0,1.0138
2021-05-21,700038.7139,1012632.7139,312594.0,1.012633,1000000.0,1.0182
2021-05-24,700038.7139,1018530.7139,318492.0,1.018531,1000000.0,1.0126
2021-05-25,700038.7139,1032391.0139,332352.3,1.032391,1000000.0,1.0185
2021-05-26,700038.7139,1031506.3139,331467.6,1.031506,1000000.0,1.0324
2021-05-27,700038.7139,1031801.2139,331762.5,1.031801,1000000.0,1.0315
2021-05-28,700038.7139,1036814.5139,336775.8,1.036815,1000000.0,1.0318
2021-05-31,700038.7139,1037404.3139,337365.6,1.037404,1000000.0,1.0368
2021-06-01,700038.7139,1032980.8139,332942.1,1.032981,1000000.0,1.0374
2021-06-02,700038.7139,1025903.2139,325864.5,1.025903,1000000.0,1.033
2021-06-03,700038.7139,1025903.2139,325864.5,1.025903,1000000.0,1.0259
2021-06-04,700038.7139,1027672.6139,327633.9,1.027673,1000000.0,1.0259
2021-06-07,700038.7139,1030326.7139,330288.0,1.030327,1000000.0,1.0277
2021-06-08,700038.7139,1030916.5139,330877.8,1.030917,1000000.0,1.0303
2021-06-09,700038.7139,1027082.8139,327044.1,1.027083,1000000.0,1.0309
2021-06-10,700038.7139,1028262.4139,328223.7,1.028262,1000000.0,1.0271
2021-06-11,700038.7139,1022364.4139,322325.7,1.022364,1000000.0,1.0283
2021-06-15,700038.7139,1017940.9139,317902.2,1.017941,1000000.0,1.0224
2021-06-16,700038.7139,1015581.7139,315543.0,1.015582,1000000.0,1.0179
2021-06-17,700038.7139,1016761.3139,316722.6,1.016761,1000000.0,1.0156
2021-06-18,700038.7139,1020005.2139,319966.5,1.020005,1000000.0,1.0168
2021-06-21,700038.7139,1019710.3139,319671.6,1.01971,1000000.0,1.02
2021-06-22,700038.7139,1018530.7139,318492.0,1.018531,1000000.0,1.0197
2021-06-23,700038.7139,1020005.2139,319966.5,1.020005,1000000.0,1.0185
2021-06-24,700038.7139,1021184.8139,321146.1,1.021185,1000000.0,1.02
2021-06-25,700038.7139,1031211.4139,331172.7,1.031211,1000000.0,1.0212
2021-06-28,700038.7139,1027967.5139,327928.8,1.027968,1000000.0,1.0312
2021-06-29,700038.7139,1023544.0139,323505.3,1.023544,1000000.0,1.028
2021-06-30,700038.7139,1027082.8139,327044.1,1.027083,1000000.0,1.0235
2021-07-01,700038.7139,1017646.0139,317607.3,1.017646,1000000.0,1.0271
2021-07-02,700038.7139,1008504.1139,308465.4,1.008504,1000000.0,1.0176
2021-07-05,700038.7139,1009093.9139,309055.2,1.009094,1000000.0,1.0085
2021-07-06,700038.7139,1010863.3139,310824.6,1.010863,1000000.0,1.0091
2021-07-07,700038.7139,1011748.0139,311709.3,1.011748,1000000.0,1.0109
2021-07-08,700038.7139,1011158.2139,311119.5,1.011158,1000000.0,1.0117
2021-07-09,700038.7139,1012632.7139,312594.0,1.012633,1000000.0,1.0112
2021-07-12,700038.7139,1019415.4139,319376.7,1.019415,1000000.0,1.0126
2021-07-13,700038.7139,1017646.0139,317607.3,1.017646,1000000.0,1.0194
2021-07-14,700038.7139,1013812.3139,313773.6,1.013812,1000000.0,1.0176
2021-07-15,700038.7139,1018530.7139,318492.0,1.018531,1000000.0,1.0138
2021-07-16,700038.7139,1018530.7139,318492.0,1.018531,1000000.0,1.0185
2021-07-19,700038.7139,1017351.1139,317312.4,1.017351,1000000.0,1.0185
2021-07-20,700038.7139,1015876.6139,315837.9,1.015877,1000000.0,1.0174
2021-07-21,700038.7139,1020889.9139,320851.2,1.02089,1000000.0,1.0159
2021-07-22,700038.7139,1026198.1139,326159.4,1.026198,1000000.0,1.0209
2021-07-23,700038.7139,1027672.6139,327633.9,1.027673,1000000.0,1.0262
2021-07-26,700038.7139,1018530.7139,318492.0,1.018531,1000000.0,1.0277
2021-07-27,700038.7139,1009388.8139,309350.1,1.009389,1000000.0,1.0185
2021-07-28,700038.7139,1005850.0139,305811.3,1.00585,1000000.0,1.0094
2021-07-29,700038.7139,1009978.6139,309939.9,1.009979,1000000.0,1.0059
2021-07-30,700038.7139,1003195.9139,303157.2,1.003196,1000000.0,1.01
2021-08-02,700038.7139,1015286.8139,315248.1,1.015287,1000000.0,1.0032
2021-08-03,700038.7139,1015581.7139,315543.0,1.015582,1000000.0,1.0153
2021-08-04,700038.7139,1016171.5139,316132.8,1.016172,1000000.0,1.0156
2021-08-05,700038.7139,1010568.4139,310529.7,1.010568,1000000.0,1.0162
2021-08-06,700038.7139,1011748.0139,311709.3,1.011748,1000000.0,1.0106
2021-08-09,700038.7139,1018530.7139,318492.0,1.018531,1000000.0,1.0117
2021-08-10,700038.7139,1023249.1139,323210.4,1.023249,1000000.0,1.0185
2021-08-11,700038.7139,1020300.1139,320261.4,1.0203,1000000.0,1.0232
2021-08-12,700038.7139,1018235.8139,318197.1,1.018236,1000000.0,1.0203
2021-08-13,700038.7139,1018235.8139,318197.1,1.018236,1000000.0,1.0182
2021-08-16,700038.7139,1021184.8139,321146.1,1.021185,1000000.0,1.0182
2021-08-17,700038.7139,1019120.5139,319081.8,1.019121,1000000.0,1.0212
2021-08-18,700038.7139,1041238.0139,341199.3,1.041238,1000000.0,1.0191
2021-08-19,700038.7139,1034160.4139,334121.7,1.03416,1000000.0,1.0412
2021-08-20,700038.7139,1034750.2139,334711.5,1.03475,1000000.0,1.0342
2021-08-23,700038.7139,1035929.8139,335891.1,1.03593,1000000.0,1.0348
2021-08-24,700038.7139,1042417.6139,342378.9,1.042418,1000000.0,1.0359
2021-08-25,700038.7139,1037109.4139,337070.7,1.037109,1000000.0,1.0424
2021-08-26,700038.7139,1032980.8139,332942.1,1.032981,1000000.0,1.0371
2021-08-27,700038.7139,1031801.2139,331762.5,1.031801,1000000.0,1.033
2021-08-30,700038.7139,1025903.2139,325864.5,1.025903,1000000.0,1.0318
2021-08-31,700038.7139,1033275.7139,333237.0,1.033276,1000000.0,1.0259
2021-09-01,700038.7139,1045071.7139,345033.0,1.045072,1000000.0,1.0333
2021-09-02,700038.7139,1051264.6139,351225.9,1.051265,1000000.0,1.0451
2021-09-03,700038.7139,1047430.9139,347392.2,1.047431,1000000.0,1.0513
2021-09-06,700038.7139,1058342.2139,358303.5,1.058342,1000000.0,1.0474
2021-09-07,700038.7139,1066894.3139,366855.6,1.066894,1000000.0,1.0583
2021-09-08,700038.7139,1066599.4139,366560.7,1.066599,1000000.0,1.0669
2021-09-09,700038.7139,1063650.4139,363611.7,1.06365,1000000.0,1.0666
2021-09-10,700038.7139,1068368.8139,368330.1,1.068369,1000000.0,1.0637
2021-09-13,700038.7139,1069548.4139,369509.7,1.069548,1000000.0,1.0684
2021-09-14,700038.7139,1058342.2139,358303.5,1.058342,1000000.0,1.0695
2021-09-15,700038.7139,1057162.6139,357123.9,1.057163,1000000.0,1.0583
2021-09-16,700038.7139,1049790.1139,349751.4,1.04979,1000000.0,1.0572
2021-09-17,700038.7139,1053918.7139,353880.0,1.053919,1000000.0,1.0498
2021-09-22,700038.7139,1051264.6139,351225.9,1.051265,1000000.0,1.0539
2021-09-23,700038.7139,1055688.1139,355649.4,1.055688,1000000.0,1.0513
2021-09-24,700038.7139,1050674.8139,350636.1,1.050675,1000000.0,1.0557
2021-09-27,700038.7139,1041238.0139,341199.3,1.041238,1000000.0,1.0507
2021-09-28,700038.7139,1046546.2139,346507.5,1.046546,1000000.0,1.0412
2021-09-29,700038.7139,1041827.8139,341789.1,1.041828,1000000.0,1.0465
2021-09-30,700038.7139,1041238.0139,341199.3,1.041238,1000000.0,1.0418
2021-10-08,700038.7139,1044776.8139,344738.1,1.044777,1000000.0,1.0412
2021-10-11,700038.7139,1042712.5139,342673.8,1.042713,1000000.0,1.0448
2021-10-12,700038.7139,1031801.2139,331762.5,1.031801,1000000.0,1.0427
2021-10-13,700038.7139,1033570.6139,333531.9,1.033571,1000000.0,1.0318
2021-10-14,700038.7139,1032685.9139,332647.2,1.032686,1000000.0,1.0336
2021-10-15,700038.7139,1032980.8139,332942.1,1.032981,1000000.0,1.0327
2021-10-18,700038.7139,1033275.7139,333237.0,1.033276,1000000.0,1.033
2021-10-19,700038.7139,1035045.1139,335006.4,1.035045,1000000.0,1.0333
2021-10-20,700038.7139,1033865.5139,333826.8,1.033866,1000000.0,1.035
2021-10-21,700038.7139,1034750.2139,334711.5,1.03475,1000000.0,1.0339
2021-10-22,700038.7139,1035340.0139,335301.3,1.03534,1000000.0,1.0348
2021-10-25,700038.7139,1039763.5139,339724.8,1.039764,1000000.0,1.0353
2021-10-26,700038.7139,1036224.7139,336186.0,1.036225,1000000.0,1.0398
2021-10-27,700038.7139,1027377.7139,327339.0,1.027378,1000000.0,1.0362
2021-10-28,700038.7139,1025018.5139,324979.8,1.025019,1000000.0,1.0274
2021-10-29,700038.7139,1027377.7139,327339.0,1.027378,1000000.0,1.025
2021-11-01,700038.7139,1028557.3139,328518.6,1.028557,1000000.0,1.0274
2021-11-02,700038.7139,1021774.6139,321735.9,1.021775,1000000.0,1.0286
2021-11-03,700038.7139,1022954.2139,322915.5,1.022954,1000000.0,1.0218
2021-11-04,700038.7139,1023249.1139,323210.4,1.023249,1000000.0,1.023
2021-11-05,700038.7139,1022364.4139,322325.7,1.022364,1000000.0,1.0232
2021-11-08,700038.7139,1025608.3139,325569.6,1.025608,1000000.0,1.0224
2021-11-09,700038.7139,1027672.6139,327633.9,1.027673,1000000.0,1.0256
2021-11-10,700038.7139,1027082.8139,327044.1,1.027083,1000000.0,1.0277
2021-11-11,700038.7139,1036519.6139,336480.9,1.03652,1000000.0,1.0271
2021-11-12,700038.7139,1034750.2139,334711.5,1.03475,1000000.0,1.0365
2021-11-15,700038.7139,1033570.6139,333531.9,1.033571,1000000.0,1.0348
2021-11-16,700038.7139,1028852.2139,328813.5,1.028852,1000000.0,1.0336
2021-11-17,700038.7139,1028557.3139,328518.6,1.028557,1000000.0,1.0289
2021-11-18,700038.7139,1025018.5139,324979.8,1.025019,1000000.0,1.0286
2021-11-19,700038.7139,1031506.3139,331467.6,1.031506,1000000.0,1.025
2021-11-22,700038.7139,1033275.7139,333237.0,1.033276,1000000.0,1.0315
2021-11-23,700038.7139,1034160.4139,334121.7,1.03416,1000000.0,1.0333
2021-11-24,700038.7139,1033570.6139,333531.9,1.033571,1000000.0,1.0342
2021-11-25,700038.7139,1031801.2139,331762.5,1.031801,1000000.0,1.0336
2021-11-26,700038.7139,1029442.0139,329403.3,1.029442,1000000.0,1.0318
2021-11-29,700038.7139,1026493.0139,326454.3,1.026493,1000000.0,1.0294
2021-11-30,700038.7139,1026787.9139,326749.2,1.026788,1000000.0,1.0265
2021-12-01,700038.7139,1031211.4139,331172.7,1.031211,1000000.0,1.0268
2021-12-02,700038.7139,1033570.6139,333531.9,1.033571,1000000.0,1.0312
2021-12-03,700038.7139,1035340.0139,335301.3,1.03534,1000000.0,1.0336
2021-12-06,700038.7139,1040058.4139,340019.7,1.040058,1000000.0,1.0353
2021-12-07,700038.7139,1041532.9139,341494.2,1.041533,1000000.0,1.0401
2021-12-08,700038.7139,1046251.3139,346212.6,1.046251,1000000.0,1.0415
2021-12-09,700038.7139,1051854.4139,351815.7,1.051854,1000000.0,1.0463
2021-12-10,700038.7139,1047430.9139,347392.2,1.047431,1000000.0,1.0519
2021-12-13,700038.7139,1049495.2139,349456.5,1.049495,1000000.0,1.0474
2021-12-14,700038.7139,1047430.9139,347392.2,1.047431,1000000.0,1.0495
2021-12-15,700038.7139,1049495.2139,349456.5,1.049495,1000000.0,1.0474
2021-12-16,700038.7139,1051854.4139,351815.7,1.051854,1000000.0,1.0495
2021-12-17,700038.7139,1048315.6139,348276.9,1.048316,1000000.0,1.0519
2021-12-20,700038.7139,1042417.6139,342378.9,1.042418,1000000.0,1.0483
2021-12-21,700038.7139,1047136.0139,347097.3,1.047136,1000000.0,1.0424
2021-12-22,700038.7139,1044187.0139,344148.3,1.044187,1000000.0,1.0471
2021-12-23,700038.7139,1043597.2139,343558.5,1.043597,1000000.0,1.0442
2021-12-24,700038.7139,1041532.9139,341494.2,1.041533,1000000.0,1.0436
2021-12-27,700038.7139,1042122.7139,342084.0,1.042123,1000000.0,1.0415
2021-12-28,700038.7139,1044776.8139,344738.1,1.044777,1000000.0,1.0421
2021-12-29,700038.7139,1040648.2139,340609.5,1.040648,1000000.0,1.0448
2021-12-30,700038.7139,1046251.3139,346212.6,1.046251,1000000.0,1.0406
2021-12-31,700038.7139,1046841.1139,346802.4,1.046841,1000000.0,1.0463
2022-01-04,700038.7139,1045071.7139,345033.0,1.045072,1000000.0,1.0468
2022-01-05,700038.7139,1042122.7139,342084.0,1.042123,1000000.0,1.0451
2022-01-06,700038.7139,1035340.0139,335301.3,1.03534,1000000.0,1.0421
2022-01-07,700038.7139,1035929.8139,335891.1,1.03593,1000000.0,1.0353
2022-01-10,700038.7139,1035634.9139,335596.2,1.035635,1000000.0,1.0359
2022-01-11,700038.7139,1035929.8139,335891.1,1.03593,1000000.0,1.0356
2022-01-12,700038.7139,1037109.4139,337070.7,1.037109,1000000.0,1.0359
2022-01-13,700038.7139,1035045.1139,335006.4,1.035045,1000000.0,1.0371
2022-01-14,700038.7139,1025903.2139,325864.5,1.025903,1000000.0,1.035
2022-01-17,700038.7139,1029147.1139,329108.4,1.029147,1000000.0,1.0259
2022-01-18,700038.7139,1029736.9139,329698.2,1.029737,1000000.0,1.0291
2022-01-19,700038.7139,1030916.5139,330877.8,1.030917,1000000.0,1.0297
2022-01-20,700038.7139,1036519.6139,336480.9,1.03652,1000000.0,1.0309
2022-01-21,700038.7139,1033570.6139,333531.9,1.033571,1000000.0,1.0365
2022-01-24,700038.7139,1031211.4139,331172.7,1.031211,1000000.0,1.0336
2022-01-25,700038.7139,1022364.4139,322325.7,1.022364,1000000.0,1.0312
2022-01-26,700038.7139,1027967.5139,327928.8,1.027968,1000000.0,1.0224
2022-01-27,700038.7139,1020595.0139,320556.3,1.020595,1000000.0,1.028
2022-01-28,700038.7139,1017351.1139,317312.4,1.017351,1000000.0,1.0206
2022-02-07,700038.7139,1022069.5139,322030.8,1.02207,1000000.0,1.0174
2022-02-08,700038.7139,1026493.0139,326454.3,1.026493,1000000.0,1.0221
2022-02-09,700038.7139,1027377.7139,327339.0,1.027378,1000000.0,1.0265
2022-02-10,700038.7139,1027377.7139,327339.0,1.027378,1000000.0,1.0274
2022-02-11,700038.7139,1027672.6139,327633.9,1.027673,1000000.0,1.0274
2022-02-14,700038.7139,1012632.7139,312594.0,1.012633,1000000.0,1.0277
2022-02-15,700038.7139,1013222.5139,313183.8,1.013223,1000000.0,1.0126
2022-02-16,700038.7139,1013812.3139,313773.6,1.013812,1000000.0,1.0132
2022-02-17,700038.7139,1011453.1139,311414.4,1.011453,1000000.0,1.0138
2022-02-18,700038.7139,1012042.9139,312004.2,1.012043,1000000.0,1.0115
2022-02-21,700038.7139,1011748.0139,311709.3,1.011748,1000000.0,1.012
2022-02-22,700038.7139,1005555.1139,305516.4,1.005555,1000000.0,1.0117
2022-02-23,700038.7139,1009683.7139,309645.0,1.009684,1000000.0,1.0056
2022-02-24,700038.7139,1000836.7139,300798.0,1.000837,1000000.0,1.0097
2022-02-25,700038.7139,1001426.5139,301387.8,1.001427,1000000.0,1.0008
2022-02-28,700038.7139,1000541.8139,300503.1,1.000542,1000000.0,1.0014
2022-03-01,700038.7139,1003195.9139,303157.2,1.003196,1000000.0,1.0005
2022-03-02,700038.7139,1002016.3139,301977.6,1.002016,1000000.0,1.0032
2022-03-03,700038.7139,1002016.3139,301977.6,1.002016,1000000.0,1.002
2022-03-04,700038.7139,997887.7139,297849.0,0.997888,1000000.0,1.002
2022-03-07,700038.7139,990515.2139,290476.5,0.990515,1000000.0,0.9979
2022-03-08,700038.7139,983142.7139,283104.0,0.983143,1000000.0,0.9905
2022-03-09,700038.7139,976360.0139,276321.3,0.97636,1000000.0,0.9831
2022-03-10,700038.7139,975770.2139,275731.5,0.97577,1000000.0,0.9764
2022-03-11,700038.7139,981963.1139,281924.4,0.981963,1000000.0,0.9758
2022-03-14,700038.7139,977244.7139,277206.0,0.977245,1000000.0,0.982
2022-03-15,700038.7139,968102.8139,268064.1,0.968103,1000000.0,0.9772
2022-03-16,700038.7139,985207.0139,285168.3,0.985207,1000000.0,0.9681
2022-03-17,700038.7139,984027.4139,283988.7,0.984027,1000000.0,0.9852
2022-03-18,700038.7139,986681.5139,286642.8,0.986682,1000000.0,0.984
2022-03-21,700038.7139,981668.2139,281629.5,0.981668,1000000.0,0.9867
2022-03-22,700038.7139,981963.1139,281924.4,0.981963,1000000.0,0.9817
2022-03-23,700038.7139,982258.0139,282219.3,0.982258,1000000.0,0.982
2022-03-24,700038.7139,979014.1139,278975.4,0.979014,1000000.0,0.9823
2022-03-25,700038.7139,975770.2139,275731.5,0.97577,1000000.0,0.979
2022-03-28,700038.7139,976065.1139,276026.4,0.976065,1000000.0,0.9758
2022-03-29,700038.7139,974295.7139,274257.0,0.974296,1000000.0,0.9761
2022-03-30,700038.7139,984617.2139,284578.5,0.984617,1000000.0,0.9743
2022-03-31,700038.7139,982258.0139,282219.3,0.982258,1000000.0,0.9846
2022-04-01,700038.7139,986091.7139,286053.0,0.986092,1000000.0,0.9823
2022-04-06,700038.7139,986386.6139,286347.9,0.986387,1000000.0,0.9861
2022-04-07,700038.7139,980488.6139,280449.9,0.980489,1000000.0,0.9864
2022-04-08,700038.7139,984912.1139,284873.4,0.984912,1000000.0,0.9805
2022-04-11,700038.7139,976065.1139,276026.4,0.976065,1000000.0,0.9849
2022-04-12,700038.7139,985207.0139,285168.3,0.985207,1000000.0,0.9761
2022-04-13,700038.7139,982552.9139,282514.2,0.982553,1000000.0,0.9852
2022-04-14,700038.7139,986681.5139,286642.8,0.986682,1000000.0,0.9826
2022-04-15,700038.7139,984912.1139,284873.4,0.984912,1000000.0,0.9867
2022-04-18,700038.7139,977244.7139,277206.0,0.977245,1000000.0,0.9849
2022-04-19,700038.7139,975180.4139,275141.7,0.97518,1000000.0,0.9772
2022-04-20,700038.7139,970756.9139,270718.2,0.970757,1000000.0,0.9752
2022-04-21,700038.7139,970167.1139,270128.4,0.970167,1000000.0,0.9708
2022-04-22,700038.7139,970462.0139,270423.3,0.970462,1000000.0,0.9702
2022-04-25,700038.7139,962204.8139,262166.1,0.962205,1000000.0,0.9705
2022-04-26,700038.7139,950408.8139,250370.1,0.950409,1000000.0,0.9622
2022-04-27,700038.7139,953652.7139,253614.0,0.953653,1000000.0,0.9504
2022-04-28,700038.7139,948934.3139,248895.6,0.948934,1000000.0,0.9537
2022-04-29,700038.7139,959255.8139,259217.1,0.959256,1000000.0,0.9489
2022-05-05,700038.7139,955717.0139,255678.3,0.955717,1000000.0,0.9593
2022-05-06,700038.7139,948934.3139,248895.6,0.948934,1000000.0,0.9557
2022-05-09,700038.7139,949229.2139,249190.5,0.949229,1000000.0,0.9489
2022-05-10,700038.7139,953062.9139,253024.2,0.953063,1000000.0,0.9492
2022-05-11,700038.7139,954537.4139,254498.7,0.954537,1000000.0,0.9531
2022-05-12,700038.7139,955127.2139,255088.5,0.955127,1000000.0,0.9545
2022-05-13,700038.7139,956601.7139,256563.0,0.956602,1000000.0,0.9551
2022-05-16,700038.7139,953652.7139,253614.0,0.953653,1000000.0,0.9566
2022-05-17,700038.7139,955422.1139,255383.4,0.955422,1000000.0,0.9537
2022-05-18,700038.7139,956011.9139,255973.2,0.956012,1000000.0,0.9554
2022-05-19,700038.7139,955717.0139,255678.3,0.955717,1000000.0,0.956
2022-05-20,700038.7139,960730.3139,260691.6,0.96073,1000000.0,0.9557
2022-05-23,700038.7139,961025.2139,260986.5,0.961025,1000000.0,0.9607
2022-05-24,700038.7139,953947.6139,253908.9,0.953948,1000000.0,0.961
2022-05-25,700038.7139,954832.3139,254793.6,0.954832,1000000.0,0.9539
2022-05-26,700038.7139,958960.9139,258922.2,0.958961,1000000.0,0.9548
2022-05-27,700038.7139,958666.0139,258627.3,0.958666,1000000.0,0.959
2022-05-30,700038.7139,957486.4139,257447.7,0.957486,1000000.0,0.9587
2022-05-31,700038.7139,960730.3139,260691.6,0.96073,1000000.0,0.9575
2022-06-01,700038.7139,959550.7139,259512.0,0.959551,1000000.0,0.9607
2022-06-02,700038.7139,961320.1139,261281.4,0.96132,1000000.0,0.9596
2022-06-06,700038.7139,967218.1139,267179.4,0.967218,1000000.0,0.9613
2022-06-07,700038.7139,967807.9139,267769.2,0.967808,1000000.0,0.9672
2022-06-08,700038.7139,971936.5139,271897.8,0.971937,1000000.0,0.9678
2022-06-09,700038.7139,971936.5139,271897.8,0.971937,1000000.0,0.9719
2022-06-10,700038.7139,978719.2139,278680.5,0.978719,1000000.0,0.9719
2022-06-13,700038.7139,974885.5139,274846.8,0.974886,1000000.0,0.9787
2022-06-14,700038.7139,990515.2139,290476.5,0.990515,1000000.0,0.9749
2022-06-15,700038.7139,999362.2139,299323.5,0.999362,1000000.0,0.9905
2022-06-16,700038.7139,985796.8139,285758.1,0.985797,1000000.0,0.9994
2022-06-17,700038.7139,984912.1139,284873.4,0.984912,1000000.0,0.9858
2022-06-20,700038.7139,983142.7139,283104.0,0.983143,1000000.0,0.9849
2022-06-21,700038.7139,982847.8139,282809.1,0.982848,1000000.0,0.9831
2022-06-22,700038.7139,978129.4139,278090.7,0.978129,1000000.0,0.9828
2022-06-23,700038.7139,988156.0139,288117.3,0.988156,1000000.0,0.9781
2022-06-24,700038.7139,988745.8139,288707.1,0.988746,1000000.0,0.9882
2022-06-27,700038.7139,989040.7139,289002.0,0.989041,1000000.0,0.9887
2022-06-28,700038.7139,991105.0139,291066.3,0.991105,1000000.0,0.989
2022-06-29,700038.7139,985207.0139,285168.3,0.985207,1000000.0,0.9911
2022-06-30,700038.7139,987861.1139,287822.4,0.987861,1000000.0,0.9852
2022-07-01,700038.7139,984027.4139,283988.7,0.984027,1000000.0,0.9879
