date,cash,transaction_cost,market_value,total_value
2015-10-08,10000000.0,0.0,0.0,10000000.0
2015-10-09,6025.0622,1598.7802,9992376.1576,9998401.2198
2015-10-12,6025.0622,0.0,10341200.0996,10347225.1618
2015-10-13,6025.0622,0.0,10445390.1262,10451415.1884
2015-10-14,814.0708,538.335,10305734.7266,10306548.7974
2015-10-15,814.0708,0.0,10703419.352,10704233.4228
2015-10-16,814.0708,0.0,10945470.2494,10946284.3202
2015-10-19,814.0708,0.0,11010011.8642,11010825.935
2015-10-20,814.0708,0.0,11293951.9238,11294765.9946
2015-10-21,814.0708,0.0,10599032.8888,10599846.9596
2015-10-22,814.0708,0.0,10922806.7648,10923620.8356
2015-10-23,814.0708,0.0,11163166.8558,11163980.9266
2015-10-26,814.0708,0.0,11255812.2552,11256626.326
2015-10-27,814.0708,0.0,11373393.5388,11374207.6096
2015-10-28,814.0708,0.0,11015379.4996,11016193.5704
2015-10-29,814.0708,0.0,11030726.6598,11031540.7306
2015-10-30,814.0708,0.0,11145247.4598,11146061.5306
2015-11-02,814.0708,0.0,10891598.5168,10892412.5876
2015-11-03,814.0708,0.0,10900095.026,10900909.0968
2015-11-04,814.0708,0.0,11667291.0184,11668105.0892
2015-11-05,814.0708,0.0,11934855.87,11935669.9408
2015-11-06,814.0708,0.0,12601099.9966,12601914.0674
2015-11-09,814.0708,0.0,12725760.007,12726574.0778
2015-11-10,814.0708,0.0,12875027.123,12875841.1938
2015-11-11,814.0708,0.0,13126980.365,13127794.4358
2015-11-12,814.0708,0.0,12937053.798,12937867.8688
2015-11-13,814.0708,0.0,12756754.5808,12757568.6516
2015-11-16,814.0708,0.0,12928576.9654,12929391.0362
2015-11-17,814.0708,0.0,12758407.6806,12759221.7514
2015-11-18,2134.1943,617.0879,12396825.1752,12398959.3695
2015-11-19,2134.1943,0.0,12771963.843,12774098.0373
2015-11-20,2134.1943,0.0,12824458.266,12826592.4603
2015-11-23,2134.1943,0.0,12613913.1454,12616047.3397
2015-11-24,2134.1943,0.0,12792442.1112,12794576.3055
2015-11-25,2134.1943,0.0,12996853.6472,12998987.8415
2015-11-26,2134.1943,0.0,12913192.3684,12915326.5627
2015-11-27,2134.1943,0.0,11997132.5088,11999266.7031
2015-11-30,2134.1943,0.0,11982847.3868,11984981.5811
2015-12-01,2134.1943,0.0,11917762.4068,11919896.6011
2015-12-02,2134.1943,0.0,12142938.511,12145072.7053
2015-12-03,2134.1943,0.0,12329847.3202,12331981.5145
2015-12-04,2134.1943,0.0,12145373.6016,12147507.7959
2015-12-07,7993180.9962,0.0,4217508.6104,12210689.6066
2015-12-08,12151396.4251,0.0,0.0,12151396.4251
2015-12-09,12151396.4251,0.0,0.0,12151396.4251
2015-12-10,12151396.4251,0.0,0.0,12151396.4251
2015-12-11,12151396.4251,0.0,0.0,12151396.4251
2015-12-14,12151396.4251,0.0,0.0,12151396.4251
2015-12-15,12151396.4251,0.0,0.0,12151396.4251
2015-12-16,7996.179,1942.6332,12141457.6129,12149453.7919
2015-12-17,7996.179,0.0,12383849.4123,12391845.5913
2015-12-18,7996.179,0.0,12286458.3834,12294454.5624
2015-12-21,4126263.3878,0.0,8250084.3304,12376347.7182
2015-12-22,8345.5066,1322.6141,12441670.6602,12450016.1668
2015-12-23,8345.5066,0.0,12314768.3054,12323113.812
2015-12-24,8345.5066,0.0,12216802.9768,12225148.4834
2015-12-25,4108186.6531,0.0,8114381.352,12222568.0051
2015-12-28,591.2379,657.1101,12062769.023,12063360.2609
2015-12-29,591.2379,0.0,12193773.531,12194364.7689
2015-12-30,591.2379,0.0,12192293.866,12192885.1039
2015-12-31,6194.2255,1297.7907,12100048.488,12106242.7135
2016-01-04,4060.5027,593.6012,11128343.994,11132404.4967
2016-01-05,11036385.0173,0.0,0.0,11036385.0173
2016-01-06,11036385.0173,0.0,0.0,11036385.0173
2016-01-07,11036385.0173,0.0,0.0,11036385.0173
2016-01-08,11036385.0173,0.0,0.0,11036385.0173
2016-01-11,11036385.0173,0.0,0.0,11036385.0173
2016-01-12,11036385.0173,0.0,0.0,11036385.0173
2016-01-13,11036385.0173,0.0,0.0,11036385.0173
2016-01-14,11036385.0173,0.0,0.0,11036385.0173
2016-01-15,11036385.0173,0.0,0.0,11036385.0173
2016-01-18,11036385.0173,0.0,0.0,11036385.0173
2016-01-19,11036385.0173,0.0,0.0,11036385.0173
2016-01-20,11036385.0173,0.0,0.0,11036385.0173
2016-01-21,11036385.0173,0.0,0.0,11036385.0173
2016-01-22,11036385.0173,0.0,0.0,11036385.0173
2016-01-25,11036385.0173,0.0,0.0,11036385.0173
2016-01-26,11036385.0173,0.0,0.0,11036385.0173
2016-01-27,11036385.0173,0.0,0.0,11036385.0173
2016-01-28,11036385.0173,0.0,0.0,11036385.0173
2016-01-29,11036385.0173,0.0,0.0,11036385.0173
2016-02-01,11036385.0173,0.0,0.0,11036385.0173
2016-02-02,11036385.0173,0.0,0.0,11036385.0173
2016-02-03,11036385.0173,0.0,0.0,11036385.0173
2016-02-04,11036385.0173,0.0,0.0,11036385.0173
2016-02-05,11036385.0173,0.0,0.0,11036385.0173
2016-02-15,11036385.0173,0.0,0.0,11036385.0173
2016-02-16,11036385.0173,0.0,0.0,11036385.0173
2016-02-17,11036385.0173,0.0,0.0,11036385.0173
2016-02-18,6546.482,1764.4918,11028074.0434,11034620.5254
2016-02-19,7393651.915,0.0,3713300.1302,11106952.0452
2016-02-22,6093.5404,1181.8202,11161176.3811,11167269.9215
2016-02-23,6093.5404,0.0,11139256.809,11145350.3494
2016-02-24,7392593.1541,0.0,3756122.7272,11148715.8813
2016-02-25,7392593.1541,0.0,3485347.276,10877940.4301
2016-02-26,7392593.1541,0.0,3572477.4396,10965070.5937
2016-02-29,7392593.1541,0.0,3454161.9036,10846755.0577
2016-03-01,10970264.7314,0.0,0.0,10970264.7314
2016-03-02,10970264.7314,0.0,0.0,10970264.7314
2016-03-03,2708.9812,1754.5282,10965801.222,10968510.2032
2016-03-04,1914.1231,0.1272,10991897.0078,10993811.1309
2016-03-07,1914.1231,0.0,11165759.7686,11167673.8917
2016-03-08,1914.1231,0.0,11110285.9202,11112200.0433
2016-03-09,1914.1231,0.0,10772215.0916,10774129.2147
2016-03-10,1914.1231,0.0,10592258.0142,10594172.1373
2016-03-11,3589588.2834,0.0,7050295.138,10639883.4214
2016-03-14,584.6906,574.1487,10766742.393,10767327.0836
2016-03-15,584.6906,0.0,10701786.5094,10702371.2
2016-03-16,3421754.7398,0.0,7234060.774,10655815.5138
2016-03-17,7124646.2174,0.0,3679003.761,10803649.9784
2016-03-18,3955.6196,1139.1282,10928336.3916,10932292.0112
2016-03-21,3028.7183,0.1483,11447163.5374,11450192.2557
2016-03-22,2129.1494,0.1439,11314655.2608,11316784.4102
2016-03-23,2129.1494,0.0,11413841.2858,11415970.4352
2016-03-24,2129.1494,0.0,11107178.7882,11109307.9376
2016-03-25,2129.1494,0.0,11185360.357,11187489.5064
2016-03-28,1897.2972,566.4979,11132043.14,11133940.4372
2016-03-29,1897.2972,0.0,10977882.252,10979779.5492
2016-03-30,1897.2972,0.0,11312948.251,11314845.5482
2016-03-31,1897.2972,0.0,11331338.476,11333235.7732
2016-04-01,1897.2972,0.0,11262465.742,11264363.0392
2016-04-05,1897.2972,0.0,11481149.84,11483047.1372
2016-04-06,1897.2972,0.0,11491690.685,11493587.9822
2016-04-07,1897.2972,0.0,11257907.745,11259805.0422
2016-04-08,1897.2972,0.0,11114230.67,11116127.9672
2016-04-11,5716.0044,590.9902,11332225.7622,11337941.7666
2016-04-12,3959.3254,0.281,11285845.1762,11289804.5016
2016-04-13,3057.4061,0.1443,11482195.6704,11485253.0765
2016-04-14,2150.083,0.1451,11593241.3132,11595391.3962
2016-04-15,2150.083,0.0,11540001.694,11542151.777
2016-04-18,2150.083,0.0,11304638.3288,11306788.4118
2016-04-19,2150.083,0.0,11349940.0418,11352090.1248
2016-04-20,4185.1718,630.8026,10939588.4432,10943773.615
2016-04-21,6873665.764,0.0,3999993.0417,10873658.8057
2016-04-22,6873665.764,0.0,3923450.9298,10797116.6938
2016-04-25,6873665.764,0.0,3896381.1393,10770046.9033
2016-04-26,6873665.764,0.0,3898782.162,10772447.926
2016-04-27,6873665.764,0.0,3884514.2415,10758180.0055
2016-04-28,6873665.764,0.0,3848873.2236,10722538.9876
2016-04-29,10751966.8797,0.0,0.0,10751966.8797
2016-05-03,10751966.8797,0.0,0.0,10751966.8797
2016-05-04,10751966.8797,0.0,0.0,10751966.8797
2016-05-05,10751966.8797,0.0,0.0,10751966.8797
2016-05-06,10751966.8797,0.0,0.0,10751966.8797
2016-05-09,10751966.8797,0.0,0.0,10751966.8797
2016-05-10,10751966.8797,0.0,0.0,10751966.8797
2016-05-11,10751966.8797,0.0,0.0,10751966.8797
2016-05-12,10751966.8797,0.0,0.0,10751966.8797
2016-05-13,10751966.8797,0.0,0.0,10751966.8797
2016-05-16,10751966.8797,0.0,0.0,10751966.8797
2016-05-17,10751966.8797,0.0,0.0,10751966.8797
2016-05-18,10751966.8797,0.0,0.0,10751966.8797
2016-05-19,10751966.8797,0.0,0.0,10751966.8797
2016-05-20,10751966.8797,0.0,0.0,10751966.8797
2016-05-23,10751966.8797,0.0,0.0,10751966.8797
2016-05-24,10751966.8797,0.0,0.0,10751966.8797
2016-05-25,10751966.8797,0.0,0.0,10751966.8797
2016-05-26,10751966.8797,0.0,0.0,10751966.8797
2016-05-27,10751966.8797,0.0,0.0,10751966.8797
2016-05-30,10751966.8797,0.0,0.0,10751966.8797
2016-05-31,10751966.8797,0.0,0.0,10751966.8797
2016-06-01,10751966.8797,0.0,0.0,10751966.8797
2016-06-02,10751966.8797,0.0,0.0,10751966.8797
2016-06-03,10751966.8797,0.0,0.0,10751966.8797
2016-06-06,5374.2718,1719.1797,10744873.4282,10750247.7
2016-06-07,3661.2817,0.274,10773338.3856,10776999.6673
2016-06-08,157.7402,568.9037,10698729.4894,10698887.2296
2016-06-13,157.7402,0.0,10232364.2678,10232522.008
2016-06-14,157.7402,0.0,10264745.384,10264903.1242
2016-06-15,157.7402,0.0,10594509.872,10594667.6122
2016-06-16,157.7402,0.0,10617495.097,10617652.8372
2016-06-17,157.7402,0.0,10650820.1748,10650977.915
2016-06-20,157.7402,0.0,10659135.5354,10659293.2756
2016-06-21,157.7402,0.0,10552487.896,10552645.6362
2016-06-22,157.7402,0.0,10744987.2464,10745144.9866
2016-06-23,157.7402,0.0,10652374.8408,10652532.581
2016-06-24,157.7402,0.0,10563498.3632,10563656.1034
2016-06-27,157.7402,0.0,10803234.9284,10803392.6686
2016-06-28,157.7402,0.0,10903318.0702,10903475.8104
2016-06-29,157.7402,0.0,10941547.7706,10941705.5108
2016-06-30,157.7402,0.0,10921661.907,10921819.6472
2016-07-01,3650129.6258,5.2744,7254860.5319,10904990.1577
2016-07-04,3676951.3732,4.2922,7430591.6367,11107543.0099
2016-07-05,1779.5758,587.9334,11109935.4724,11111715.0482
2016-07-06,1779.5758,0.0,11253092.0555,11254871.6313
2016-07-07,1779.5758,0.0,11381499.4899,11383279.0657
2016-07-08,1779.5758,0.0,11301756.1099,11303535.6857
2016-07-11,4401.0904,576.9024,11425200.7798,11429601.8702
2016-07-12,4401.0904,0.0,11640278.358,11644679.4484
2016-07-13,4401.0904,0.0,11623699.8572,11628100.9476
2016-07-14,4401.0904,0.0,11557765.9314,11562167.0218
2016-07-15,360.2658,641.8396,11574273.456,11574633.7218
2016-07-18,936.6601,582.1506,11443885.028,11444821.6881
2016-07-19,7653.9611,631.561,11449163.947,11456817.9081
2016-07-20,7653.9611,0.0,11412055.7355,11419709.6966
2016-07-21,7653.9611,0.0,11436160.512,11443814.4731
2016-07-22,7653.9611,0.0,11277252.058,11284906.0191
2016-07-25,7653.9611,0.0,11289161.228,11296815.1891
2016-07-26,7653.9611,0.0,11482642.0085,11490295.9696
2016-07-27,7653.9611,0.0,11186067.379,11193721.3401
2016-07-28,7653.9611,0.0,11296842.169,11304496.1301
2016-07-29,7653.9611,0.0,11238338.437,11245992.3981
2016-08-01,7653.9611,0.0,11086229.576,11093883.5371
2016-08-02,3363374.0279,0.0,7778123.928,11141497.9559
2016-08-03,3363374.0279,0.0,7796188.224,11159562.2519
2016-08-04,7258083.7347,0.0,3881796.408,11139880.1427
2016-08-05,7258083.7347,0.0,3890192.04,11148275.7747
2016-08-08,7258083.7347,0.0,3927186.144,11185269.8787
2016-08-09,7258083.7347,0.0,3953696.544,11211780.2787
2016-08-10,7258083.7347,0.0,3952229.904,11210313.6387
2016-08-11,7258083.7347,0.0,3928326.696,11186410.4307
2016-08-12,7258083.7347,0.0,3959940.096,11218023.8307
2016-08-15,7258083.7347,0.0,4011551.712,11269635.4467
2016-08-16,7258083.7347,0.0,3994010.496,11252094.2307
2016-08-17,7258083.7347,0.0,4003713.0,11261796.7347
2016-08-18,7258083.7347,0.0,3972263.4,11230347.1347
2016-08-19,7258083.7347,0.0,3969638.064,11227721.7987
2016-08-22,7958.4102,1159.8345,11218985.082,11226943.4922
2016-08-23,6183.7303,0.2839,11264606.894,11270790.6243
2016-08-24,7225910.2182,0.0,3993445.008,11219355.2262
2016-08-25,7087.6681,1154.8268,11183827.1793,11190914.8474
2016-08-26,7087.6681,0.0,11226781.4459,11233869.114
2016-08-29,7087.6681,0.0,11271245.1589,11278332.827
2016-08-30,7087.6681,0.0,11244025.5379,11251113.206
2016-08-31,7087.6681,0.0,11251505.6948,11258593.3629
2016-09-01,7087.6681,0.0,11199421.0705,11206508.7386
2016-09-02,7087.6681,0.0,11175979.1068,11183066.7749
2016-09-05,7087.6681,0.0,11186502.032,11193589.7001
2016-09-06,7087.6681,0.0,11332772.8112,11339860.4793
2016-09-07,7087.6681,0.0,11269038.7222,11276126.3903
2016-09-08,7087.6681,0.0,11291789.8437,11298877.5118
2016-09-09,7087.6681,0.0,11196033.4277,11203121.0958
2016-09-12,3933062.4276,0.0,6993677.4765,10926739.9041
2016-09-13,10966058.4666,0.0,0.0,10966058.4666
2016-09-14,10966058.4666,0.0,0.0,10966058.4666
2016-09-19,10966058.4666,0.0,0.0,10966058.4666
2016-09-20,10966058.4666,0.0,0.0,10966058.4666
2016-09-21,10966058.4666,0.0,0.0,10966058.4666
2016-09-22,10966058.4666,0.0,0.0,10966058.4666
2016-09-23,10966058.4666,0.0,0.0,10966058.4666
2016-09-26,10966058.4666,0.0,0.0,10966058.4666
2016-09-27,10966058.4666,0.0,0.0,10966058.4666
2016-09-28,10966058.4666,0.0,0.0,10966058.4666
2016-09-29,10966058.4666,0.0,0.0,10966058.4666
2016-09-30,10966058.4666,0.0,0.0,10966058.4666
2016-10-10,10966058.4666,0.0,0.0,10966058.4666
2016-10-11,10966058.4666,0.0,0.0,10966058.4666
2016-10-12,10966058.4666,0.0,0.0,10966058.4666
2016-10-13,10966058.4666,0.0,0.0,10966058.4666
2016-10-14,10966058.4666,0.0,0.0,10966058.4666
2016-10-17,10966058.4666,0.0,0.0,10966058.4666
2016-10-18,10966058.4666,0.0,0.0,10966058.4666
2016-10-19,10966058.4666,0.0,0.0,10966058.4666
2016-10-20,7157.9665,1753.1436,10957147.3566,10964305.3231
2016-10-21,7157.9665,0.0,10914107.3764,10921265.3429
2016-10-24,7157.9665,0.0,11003349.1816,11010507.1481
2016-10-25,7157.9665,0.0,11046420.012,11053577.9785
2016-10-26,214.0864,590.4641,11087545.769,11087759.8554
2016-10-27,214.0864,0.0,11067629.0314,11067843.1178
2016-10-28,2594.7883,575.8334,11044463.134,11047057.9223
2016-10-31,2594.7883,0.0,11043103.498,11045698.2863
2016-11-01,702.6103,579.6309,11134841.2686,11135543.8789
2016-11-02,702.6103,0.0,11106795.5897,11107498.2
2016-11-03,702.6103,0.0,11203578.8132,11204281.4235
2016-11-04,702.6103,0.0,11175180.6877,11175883.298
2016-11-07,702.6103,0.0,11234713.489,11235416.0993
2016-11-08,702.6103,0.0,11252557.7911,11253260.4014
2016-11-09,702.6103,0.0,11226776.5583,11227479.1686
2016-11-10,702.6103,0.0,11375174.4012,11375877.0115
2016-11-11,702.6103,0.0,11652567.2708,11653269.8811
2016-11-14,702.6103,0.0,11642086.0392,11642788.6495
2016-11-15,702.6103,0.0,11603827.0156,11604529.6259
2016-11-16,702.6103,0.0,11584355.4844,11585058.0947
2016-11-17,702.6103,0.0,11580032.2616,11580734.8719
2016-11-18,702.6103,0.0,11443169.7097,11443872.32
2016-11-21,702.6103,0.0,11455167.6448,11455870.2551
2016-11-22,702.6103,0.0,11556478.5397,11557181.15
2016-11-23,3737046.7995,0.0,7755704.8763,11492751.6758
2016-11-24,3737046.7995,0.0,7822709.9702,11559756.7697
2016-11-25,4871.331,597.0525,11560108.4482,11564979.7792
2016-11-28,3924.4365,0.1515,11631076.6478,11635001.0843
2016-11-29,2975.0666,0.1519,11567255.0122,11570230.0788
2016-11-30,2033.0869,0.1507,11461603.2207,11463636.3076
2016-12-01,2033.0869,0.0,11530747.7155,11532780.8024
2016-12-02,2033.0869,0.0,11366311.7117,11368344.7986
2016-12-05,2033.0869,0.0,11168930.3722,11170963.4591
2016-12-06,7435985.8262,0.0,3710035.1539,11146020.9801
2016-12-07,11199584.0923,0.0,0.0,11199584.0923
2016-12-08,11199584.0923,0.0,0.0,11199584.0923
2016-12-09,11199584.0923,0.0,0.0,11199584.0923
2016-12-12,11199584.0923,0.0,0.0,11199584.0923
2016-12-13,11199584.0923,0.0,0.0,11199584.0923
2016-12-14,11199584.0923,0.0,0.0,11199584.0923
2016-12-15,11199584.0923,0.0,0.0,11199584.0923
2016-12-16,11199584.0923,0.0,0.0,11199584.0923
2016-12-19,11199584.0923,0.0,0.0,11199584.0923
2016-12-20,11199584.0923,0.0,0.0,11199584.0923
2016-12-21,11199584.0923,0.0,0.0,11199584.0923
2016-12-22,11199584.0923,0.0,0.0,11199584.0923
2016-12-23,11199584.0923,0.0,0.0,11199584.0923
2016-12-26,11199584.0923,0.0,0.0,11199584.0923
2016-12-27,11199584.0923,0.0,0.0,11199584.0923
2016-12-28,11199584.0923,0.0,0.0,11199584.0923
2016-12-29,11199584.0923,0.0,0.0,11199584.0923
2016-12-30,11199584.0923,0.0,0.0,11199584.0923
2017-01-03,11199584.0923,0.0,0.0,11199584.0923
2017-01-04,11199584.0923,0.0,0.0,11199584.0923
2017-01-05,11199584.0923,0.0,0.0,11199584.0923
2017-01-06,11199584.0923,0.0,0.0,11199584.0923
2017-01-09,11199584.0923,0.0,0.0,11199584.0923
2017-01-10,11199584.0923,0.0,0.0,11199584.0923
2017-01-11,11199584.0923,0.0,0.0,11199584.0923
2017-01-12,11199584.0923,0.0,0.0,11199584.0923
2017-01-13,11199584.0923,0.0,0.0,11199584.0923
2017-01-16,11199584.0923,0.0,0.0,11199584.0923
2017-01-17,11199584.0923,0.0,0.0,11199584.0923
2017-01-18,11199584.0923,0.0,0.0,11199584.0923
2017-01-19,11199584.0923,0.0,0.0,11199584.0923
2017-01-20,11199584.0923,0.0,0.0,11199584.0923
2017-01-23,11199584.0923,0.0,0.0,11199584.0923
2017-01-24,11199584.0923,0.0,0.0,11199584.0923
2017-01-25,11199584.0923,0.0,0.0,11199584.0923
2017-01-26,11199584.0923,0.0,0.0,11199584.0923
2017-02-03,9020.95,1790.2037,11188772.9386,11197793.8886
2017-02-06,9020.95,0.0,11195876.3906,11204897.3406
2017-02-07,9020.95,0.0,11201912.069,11210933.019
2017-02-08,7468502.7009,0.0,3767932.392,11236435.0929
2017-02-09,7468502.7009,0.0,3782336.6896,11250839.3905
2017-02-10,7468502.7009,0.0,3794509.3056,11263012.0065
2017-02-13,5777.5759,1193.845,11310565.7136,11316343.2895
2017-02-14,4064.7959,0.274,11342316.0916,11346380.8875
2017-02-15,3214.1678,0.1361,11198733.0652,11201947.233
2017-02-16,2355.7995,0.1373,11341342.758,11343698.5575
2017-02-17,2355.7995,0.0,11278927.4024,11281283.2019
2017-02-20,2355.7995,0.0,11391844.4096,11394200.2091
2017-02-21,3908024.3765,18.448,7562874.4328,11470898.8093
2017-02-22,3801848.7591,16.9854,7677386.8662,11479235.6253
2017-02-23,3966043.8347,26.2754,7605566.6006,11571610.4353
2017-02-24,3753216.1429,34.047,7774988.7116,11528204.8545
2017-02-27,3936999.4768,29.41,7539358.3442,11476357.821
2017-02-28,3784289.4888,24.4297,7708090.421,11492379.9098
2017-03-01,1733.4041,1208.4616,11503546.5346,11505279.9387
2017-03-02,1733.4041,0.0,11464365.6098,11466099.0139
2017-03-03,1733.4041,0.0,11444433.4312,11446166.8353
2017-03-06,1733.4041,0.0,11542796.364,11544529.7681
2017-03-07,1733.4041,0.0,11589663.74,11591397.1441
2017-03-08,1733.4041,0.0,11537151.506,11538884.9101
2017-03-09,1733.4041,0.0,11452772.4314,11454505.8355
2017-03-10,1733.4041,0.0,11483926.1446,11485659.5487
2017-03-13,4083.458,627.3391,11628601.8086,11632685.2666
2017-03-14,4083.458,0.0,11602523.1592,11606606.6172
2017-03-15,4083.458,0.0,11634393.4946,11638476.9526
2017-03-16,4083.458,0.0,11663877.8008,11667961.2588
2017-03-17,4083.458,0.0,11606846.9738,11610930.4318
2017-03-20,4083.458,0.0,11702431.2502,11706514.7082
2017-03-21,4083.458,0.0,11867440.145,11871523.603
2017-03-22,4083.458,0.0,11930233.0498,11934316.5078
2017-03-23,4083.458,0.0,11931069.9304,11935153.3884
2017-03-24,4083.458,0.0,11957847.2658,11961930.7238
2017-03-27,4083.458,0.0,11855033.7184,11859117.1764
2017-03-28,4083.458,0.0,11844977.0976,11849060.5556
2017-03-29,4083.458,0.0,11820386.2836,11824469.7416
2017-03-30,4083.458,0.0,11679743.3738,11683826.8318
2017-03-31,3749662.8024,0.0,8016731.858,11766394.6604
2017-04-05,3749662.8024,0.0,8063431.648,11813094.4504
2017-04-06,3749662.8024,0.0,8071017.777,11820680.5794
2017-04-07,106.2433,599.8331,11805661.373,11805767.6163
2017-04-10,106.2433,0.0,11667604.4012,11667710.6445
2017-04-11,106.2433,0.0,11638682.2178,11638788.4611
2017-04-12,106.2433,0.0,11677592.0418,11677698.2851
2017-04-13,3754533.0081,0.0,8038272.487,11792805.4951
2017-04-14,2810.008,600.1797,11734488.2355,11737298.2435
2017-04-17,3731056.1541,0.0,8004660.53,11735716.6841
2017-04-18,3731056.1541,0.0,8087615.805,11818671.9591
2017-04-19,3731056.1541,0.0,8073661.092,11804717.2461
2017-04-20,3731056.1541,0.0,8270303.993,12001360.1471
2017-04-21,3731056.1541,0.0,8218972.572,11950028.7261
2017-04-24,7631369.7591,0.0,4227584.956,11858954.7151
2017-04-25,7631369.7591,0.0,4209367.008,11840736.7671
2017-04-26,7631369.7591,0.0,4202002.812,11833372.5711
2017-04-27,7631369.7591,0.0,4207721.0,11839090.7591
2017-04-28,7631369.7591,0.0,4154867.864,11786237.6231
2017-05-02,7631369.7591,0.0,4133166.072,11764535.8311
2017-05-03,7631369.7591,0.0,4133554.964,11764924.7231
2017-05-04,11763624.1886,0.0,0.0,11763624.1886
2017-05-05,11763624.1886,0.0,0.0,11763624.1886
2017-05-08,11763624.1886,0.0,0.0,11763624.1886
2017-05-09,11763624.1886,0.0,0.0,11763624.1886
2017-05-10,11763624.1886,0.0,0.0,11763624.1886
2017-05-11,11763624.1886,0.0,0.0,11763624.1886
2017-05-12,11763624.1886,0.0,0.0,11763624.1886
2017-05-15,11763624.1886,0.0,0.0,11763624.1886
2017-05-16,11763624.1886,0.0,0.0,11763624.1886
2017-05-17,11763624.1886,0.0,0.0,11763624.1886
2017-05-18,11763624.1886,0.0,0.0,11763624.1886
2017-05-19,11763624.1886,0.0,0.0,11763624.1886
2017-05-22,11763624.1886,0.0,0.0,11763624.1886
2017-05-23,11763624.1886,0.0,0.0,11763624.1886
2017-05-24,11763624.1886,0.0,0.0,11763624.1886
2017-05-25,11763624.1886,0.0,0.0,11763624.1886
2017-05-26,11763624.1886,0.0,0.0,11763624.1886
2017-05-31,11763624.1886,0.0,0.0,11763624.1886
2017-06-01,11763624.1886,0.0,0.0,11763624.1886
2017-06-02,11763624.1886,0.0,0.0,11763624.1886
2017-06-05,11763624.1886,0.0,0.0,11763624.1886
2017-06-06,11763624.1886,0.0,0.0,11763624.1886
2017-06-07,10123.7093,1880.2592,11751620.22,11761743.9293
2017-06-08,6959.2151,0.5062,11893038.665,11899997.8801
2017-06-09,5383.9831,0.252,11900890.679,11906274.6621
2017-06-12,3826.984,0.2491,11938488.965,11942315.949
2017-06-13,3044.5909,0.1252,11968153.607,11971198.1979
2017-06-14,1312.2615,621.268,11882657.3928,11883969.6543
2017-06-15,880.6731,630.8216,11879676.0991,11880556.7722
2017-06-16,491.2437,635.5448,11883358.814,11883850.0577
2017-06-19,491.2437,0.0,12006702.742,12007193.9857
2017-06-20,491.2437,0.0,11936977.052,11937468.2957
2017-06-21,491.2437,0.0,12103863.027,12104354.2707
2017-06-22,491.2437,0.0,12037029.093,12037520.3367
2017-06-23,2518.5336,642.3493,12106987.8614,12109506.395
2017-06-26,1706.6347,0.1299,12317570.8446,12319277.4793
2017-06-27,5292.1871,651.6766,12311989.0228,12317281.2099
2017-06-28,5292.1871,0.0,12208224.323,12213516.5101
2017-06-29,5292.1871,0.0,12261365.7914,12266657.9785
2017-06-30,609.1808,648.9488,12324604.5299,12325213.7107
2017-07-03,609.1808,0.0,12330148.8273,12330758.0081
2017-07-04,609.1808,0.0,12220581.0969,12221190.2777
2017-07-05,609.1808,0.0,12397343.8813,12397953.0621
2017-07-06,609.1808,0.0,12456936.92,12457546.1008
2017-07-07,609.1808,0.0,12545475.225,12546084.4058
2017-07-10,489.0441,645.1332,12521818.6634,12522307.7075
2017-07-11,489.0441,0.0,12365949.7155,12366438.7596
2017-07-12,489.0441,0.0,12434902.1899,12435391.234
2017-07-13,489.0441,0.0,12533960.5819,12534449.626
2017-07-14,5510.1147,631.0208,12500786.1626,12506296.2773
2017-07-17,3906.9803,0.2565,12219960.422,12223867.4023
2017-07-18,7819725.8621,0.0,4481082.8244,12300808.6865
2017-07-19,7819725.8621,0.0,4680180.7346,12499906.5967
2017-07-20,7819725.8621,0.0,4697890.456,12517616.3181
2017-07-21,7819725.8621,0.0,4719440.2556,12539166.1177
2017-07-24,7819725.8621,0.0,4699683.0678,12519408.9299
2017-07-25,7819725.8621,0.0,4720218.3266,12539944.1887
2017-07-26,7819725.8621,0.0,4785839.7748,12605565.6369
2017-07-27,7819725.8621,0.0,4706375.3226,12526101.1847
2017-07-28,7819725.8621,0.0,4845168.9314,12664894.7935
2017-07-31,7819725.8621,0.0,5052256.4442,12871982.3063
2017-08-01,3928.9067,1250.3275,12827991.3524,12831920.2591
2017-08-02,3080.788,0.1357,12893561.342,12896642.13
2017-08-03,2238.1192,0.1348,12916581.7704,12918819.8896
2017-08-04,2238.1192,0.0,12787206.3168,12789444.436
2017-08-07,2238.1192,0.0,12991849.3592,12994087.4784
2017-08-08,2238.1192,0.0,13054324.4106,13056562.5298
2017-08-09,2238.1192,0.0,13210395.6964,13212633.8156
2017-08-10,2238.1192,0.0,13125965.5498,13128203.669
2017-08-11,3735026.9974,0.0,8917337.5098,12652364.5072
2017-08-14,3735026.9974,0.0,9130426.4176,12865453.415
2017-08-15,240.2018,597.4703,12877975.7705,12878215.9723
2017-08-16,240.2018,0.0,12822261.5849,12822501.7867
2017-08-17,240.2018,0.0,12898338.3416,12898578.5434
2017-08-18,240.2018,0.0,12752427.2903,12752667.4921
2017-08-21,240.2018,0.0,12879764.6414,12880004.8432
2017-08-22,240.2018,0.0,12881978.6696,12882218.8714
2017-08-23,240.2018,0.0,12737224.2151,12737464.4169
2017-08-24,240.2018,0.0,12627343.5543,12627583.7561
2017-08-25,1278.0963,596.953,12823466.1428,12824744.2391
2017-08-28,1278.0963,0.0,13011151.2564,13012429.3527
2017-08-29,417.8299,640.1611,12956199.4762,12956617.3061
2017-08-30,417.8299,0.0,13083536.7598,13083954.5897
2017-08-31,6049.5836,647.5184,13197700.7426,13203750.3262
2017-09-01,6049.5836,0.0,13391587.7212,13397637.3048
2017-09-04,6049.5836,0.0,13525558.3026,13531607.8862
2017-09-05,154.2664,649.5213,13534647.4702,13534801.7366
2017-09-06,154.2664,0.0,13614385.782,13614540.0484
2017-09-07,154.2664,0.0,13432081.1744,13432235.4408
2017-09-08,154.2664,0.0,13461534.2936,13461688.56
2017-09-11,154.2664,0.0,13677974.6366,13678128.903
2017-09-12,154.2664,0.0,13666340.419,13666494.6854
2017-09-13,154.2664,0.0,13677097.1292,13677251.3956
2017-09-14,154.2664,0.0,13548778.7654,13548933.0318
2017-09-15,154.2664,0.0,13380397.8788,13380552.1452
2017-09-18,154.2664,0.0,13503023.2582,13503177.5246
2017-09-19,154.2664,0.0,13381429.1488,13381583.4152
2017-09-20,154.2664,0.0,13550159.2954,13550313.5618
2017-09-21,154.2664,0.0,13352109.2736,13352263.54
2017-09-22,154.2664,0.0,13254464.0908,13254618.3572
2017-09-25,154.2664,0.0,13048546.3556,13048700.622
2017-09-26,3958644.4987,0.0,9152225.334,13110869.8327
2017-09-27,1228.5774,633.0853,13242066.291,13243294.8684
2017-09-28,1228.5774,0.0,13278206.1444,13279434.7218
2017-09-29,2324.3037,861.0922,13349341.4264,13351665.7301
2017-10-09,2324.3037,0.0,13552524.954,13554849.2577
2017-10-10,2324.3037,0.0,13659146.9572,13661471.2609
2017-10-11,2324.3037,0.0,13780593.7228,13782918.0265
2017-10-12,3997990.4444,0.0,9799831.884,13797822.3284
2017-10-13,3886.3143,638.9544,13788650.9117,13792537.226
2017-10-16,3886.3143,0.0,13679188.0846,13683074.3989
2017-10-17,3913187.938,0.0,9781602.402,13694790.34
2017-10-18,3913187.938,0.0,9973991.178,13887179.116
2017-10-19,3913187.938,0.0,10143083.958,14056271.896
2017-10-20,3913187.938,0.0,10063521.924,13976709.862
2017-10-23,3913187.938,0.0,10151848.896,14065036.834
2017-10-24,3913187.938,0.0,10198450.458,14111638.396
2017-10-25,4148.3687,625.3463,14162520.807,14166669.1757
2017-10-26,4148.3687,0.0,14171321.898,14175470.2667
2017-10-27,4148.3687,0.0,14278193.892,14282342.2607
2017-10-30,4148.3687,0.0,14152257.615,14156405.9837
2017-10-31,4148.3687,0.0,14145959.664,14150108.0327
2017-11-01,4148.3687,0.0,14118197.88,14122346.2487
2017-11-02,4148.3687,0.0,14136049.836,14140198.2047
2017-11-03,4148.3687,0.0,14228157.417,14232305.7857
2017-11-06,3915594.8811,0.0,10721657.658,14637252.5391
2017-11-07,3915594.8811,0.0,10632617.148,14548212.0291
2017-11-08,3915594.8811,0.0,10504166.19,14419761.0711
2017-11-09,3915594.8811,0.0,10545097.068,14460691.9491
2017-11-10,2559.1944,625.9856,14617972.7852,14620531.9796
2017-11-13,2559.1944,0.0,14604339.6152,14606898.8096
2017-11-14,2559.1944,0.0,14349059.1758,14351618.3702
2017-11-15,2559.1944,0.0,14364283.5225,14366842.7169
2017-11-16,2559.1944,0.0,14610518.9091,14613078.1035
2017-11-17,2559.1944,0.0,14346288.2092,14348847.4036
2017-11-20,3790040.1877,0.0,10638247.674,14428287.8617
2017-11-21,3790040.1877,0.0,10762548.372,14552588.5597
2017-11-22,2843.5946,605.8545,14398292.5465,14401136.1411
2017-11-23,3647001.1018,0.0,10182415.956,13829417.0578
2017-11-24,9379769.0382,0.0,4446860.1,13826629.1382
2017-11-27,13758331.964,0.0,0.0,13758331.964
2017-11-28,13758331.964,0.0,0.0,13758331.964
2017-11-29,13758331.964,0.0,0.0,13758331.964
2017-11-30,13758331.964,0.0,0.0,13758331.964
2017-12-01,13758331.964,0.0,0.0,13758331.964
2017-12-04,13758331.964,0.0,0.0,13758331.964
2017-12-05,13758331.964,0.0,0.0,13758331.964
2017-12-06,13758331.964,0.0,0.0,13758331.964
2017-12-07,13758331.964,0.0,0.0,13758331.964
2017-12-08,13758331.964,0.0,0.0,13758331.964
2017-12-11,13758331.964,0.0,0.0,13758331.964
2017-12-12,13758331.964,0.0,0.0,13758331.964
2017-12-13,13758331.964,0.0,0.0,13758331.964
2017-12-14,13758331.964,0.0,0.0,13758331.964
2017-12-15,13758331.964,0.0,0.0,13758331.964
2017-12-18,13758331.964,0.0,0.0,13758331.964
2017-12-19,13758331.964,0.0,0.0,13758331.964
2017-12-20,13758331.964,0.0,0.0,13758331.964
2017-12-21,13758331.964,0.0,0.0,13758331.964
2017-12-22,13758331.964,0.0,0.0,13758331.964
2017-12-25,13758331.964,0.0,0.0,13758331.964
2017-12-26,13758331.964,0.0,0.0,13758331.964
2017-12-27,13758331.964,0.0,0.0,13758331.964
2017-12-28,13758331.964,0.0,0.0,13758331.964
2017-12-29,6432.136,2199.952,13749699.876,13756132.012
2018-01-02,6432.136,0.0,13810722.538,13817154.674
2018-01-03,6432.136,0.0,13903061.025,13909493.161
2018-01-04,6432.136,0.0,14101769.11,14108201.246
2018-01-05,6432.136,0.0,14084440.977,14090873.113
2018-01-08,6432.136,0.0,14238813.903,14245246.039
2018-01-09,6432.136,0.0,14482634.512,14489066.648
2018-01-10,6432.136,0.0,14475989.189,14482421.325
2018-01-11,6432.136,0.0,14423153.072,14429585.208
2018-01-12,6432.136,0.0,14483531.066,14489963.202
2018-01-15,6432.136,0.0,14259906.714,14266338.85
2018-01-16,6432.136,0.0,14378326.906,14384759.042
2018-01-17,6432.136,0.0,14164262.777,14170694.913
2018-01-18,6432.136,0.0,14161121.77,14167553.906
2018-01-19,6432.136,0.0,14116348.251,14122780.387
2018-01-22,6432.136,0.0,14424279.9455,14430712.0815
2018-01-23,6432.136,0.0,14507909.3635,14514341.4995
2018-01-24,6432.136,0.0,14442605.7775,14449037.9135
2018-01-25,751.3302,764.3739,14400812.329,14401563.6592
2018-01-26,751.3302,0.0,14365297.857,14366049.1872
2018-01-29,1142.5405,745.5614,14132346.4356,14133488.9761
2018-01-30,1142.5405,0.0,14016625.7388,14017768.2793
2018-01-31,1142.5405,0.0,13870911.041,13872053.5815
2018-02-01,9361.4222,700.1049,13609268.3932,13618629.8154
2018-02-02,9124212.3147,0.0,4475113.241,13599325.5557
2018-02-05,9124212.3147,0.0,4496369.047,13620581.3617
2018-02-06,9124212.3147,0.0,4286126.372,13410338.6867
2018-02-07,13350977.2911,0.0,0.0,13350977.2911
2018-02-08,13350977.2911,0.0,0.0,13350977.2911
2018-02-09,13350977.2911,0.0,0.0,13350977.2911
2018-02-12,13350977.2911,0.0,0.0,13350977.2911
2018-02-13,13350977.2911,0.0,0.0,13350977.2911
2018-02-14,13350977.2911,0.0,0.0,13350977.2911
2018-02-22,13350977.2911,0.0,0.0,13350977.2911
2018-02-23,13350977.2911,0.0,0.0,13350977.2911
2018-02-26,13350977.2911,0.0,0.0,13350977.2911
2018-02-27,13350977.2911,0.0,0.0,13350977.2911
2018-02-28,13350977.2911,0.0,0.0,13350977.2911
2018-03-01,13350977.2911,0.0,0.0,13350977.2911
2018-03-02,13350977.2911,0.0,0.0,13350977.2911
2018-03-05,13350977.2911,0.0,0.0,13350977.2911
2018-03-06,13350977.2911,0.0,0.0,13350977.2911
2018-03-07,13350977.2911,0.0,0.0,13350977.2911
2018-03-08,13350977.2911,0.0,0.0,13350977.2911
2018-03-09,12438.6651,2133.8248,13336404.8012,13348843.4663
2018-03-12,8846.0094,0.5747,13543204.7324,13552050.7418
2018-03-13,7062.5674,0.2853,13408881.609,13415944.1764
2018-03-14,5301.0882,0.2818,13261356.0279,13266657.1161
2018-03-15,3544.7932,0.281,13305998.9511,13309543.7443
2018-03-16,3544.7932,0.0,13206011.3261,13209556.1193
2018-03-19,3544.7932,0.0,13406417.9228,13409962.716
2018-03-20,3544.7932,0.0,13526399.3825,13529944.1757
2018-03-21,3544.7932,0.0,13385250.0104,13388794.8036
2018-03-22,3544.7932,0.0,13320614.2324,13324159.0256
2018-03-23,3544.7932,0.0,12781478.5583,12785023.3515
2018-03-26,3544.7932,0.0,13116587.6756,13120132.4688
2018-03-27,3544.7932,0.0,13425192.228,13428737.0212
2018-03-28,3544.7932,0.0,13241614.8032,13245159.5964
2018-03-29,4339460.7419,0.0,8855715.1432,13195175.8851
2018-03-30,4339460.7419,0.0,9114509.2981,13453970.04
2018-04-02,1217.4675,694.0079,13431544.1473,13432761.6148
2018-04-03,1217.4675,0.0,13287620.7596,13288838.2271
2018-04-04,4196708.9374,0.0,8939856.0299,13136564.9673
2018-04-09,4196708.9374,0.0,8965301.1409,13162010.0783
2018-04-10,4196708.9374,0.0,9014983.3394,13211692.2768
2018-04-11,8573931.1038,0.0,4632608.148,13206539.2518
2018-04-12,8573931.1038,0.0,4667832.5595,13241763.6633
2018-04-13,8573931.1038,0.0,4546184.315,13120115.4188
2018-04-16,8573931.1038,0.0,4572986.675,13146917.7788
2018-04-17,8573931.1038,0.0,4458432.399,13032363.5028
2018-04-18,13048296.4598,0.0,0.0,13048296.4598
2018-04-19,13048296.4598,0.0,0.0,13048296.4598
2018-04-20,13048296.4598,0.0,0.0,13048296.4598
2018-04-23,13048296.4598,0.0,0.0,13048296.4598
2018-04-24,13048296.4598,0.0,0.0,13048296.4598
2018-04-25,8762.9796,2085.9916,13037447.4886,13046210.4682
2018-04-26,6084.1886,0.4285,12743068.2428,12749152.4314
2018-04-27,12718477.3962,0.0,0.0,12718477.3962
2018-05-02,9485.1374,2033.1135,12706959.1454,12716444.2828
2018-05-03,8643970.9046,0.0,4245180.3232,12889151.2278
2018-05-04,12934929.0654,0.0,0.0,12934929.0654
2018-05-07,12934929.0654,0.0,0.0,12934929.0654
2018-05-08,12934929.0654,0.0,0.0,12934929.0654
2018-05-09,12389.8539,2067.2755,12920471.936,12932861.7899
2018-05-10,4352864.5063,0.0,8787895.8187,13140760.325
2018-05-11,4352864.5063,0.0,8659669.5721,13012534.0784
2018-05-14,4352864.5063,0.0,8780148.8138,13133013.3201
2018-05-15,4352864.5063,0.0,8923915.6544,13276780.1607
2018-05-16,4352864.5063,0.0,8981373.5115,13334238.0178
2018-05-17,514.7878,696.2646,13212378.798,13212893.5858
2018-05-18,514.7878,0.0,13344253.2197,13344768.0075
2018-05-21,4437253.8079,0.0,8902840.9361,13340094.744
2018-05-22,4437253.8079,0.0,9039157.4534,13476411.2613
2018-05-23,780.3644,709.7222,13379769.3582,13380549.7226
2018-05-24,780.3644,0.0,13326128.5993,13326908.9637
2018-05-25,4352317.5929,0.0,9006841.9681,13359159.561
2018-05-28,4352317.5929,0.0,9237907.0889,13590224.6818
2018-05-29,4352317.5929,0.0,8968270.0458,13320587.6387
2018-05-30,4352317.5929,0.0,8956470.25,13308787.8429
2018-05-31,4352317.5929,0.0,9260977.5356,13613295.1285
2018-06-01,4352317.5929,0.0,9003679.9741,13355997.567
2018-06-04,4352317.5929,0.0,9105494.5548,13457812.1477
2018-06-05,4352317.5929,0.0,9294996.1939,13647313.7868
2018-06-06,4352317.5929,0.0,9321311.6761,13673629.269
2018-06-07,4352317.5929,0.0,9200741.1773,13553058.7702
2018-06-08,4352317.5929,0.0,9128959.2905,13481276.8834
2018-06-11,4352317.5929,0.0,8976971.9049,13329289.4978
2018-06-12,4352317.5929,0.0,9214544.2363,13566861.8292
2018-06-13,4352317.5929,0.0,9068425.4893,13420743.0822
2018-06-14,8768475.8417,0.0,4541499.1665,13309975.0082
2018-06-15,8768475.8417,0.0,4483458.816,13251934.6577
2018-06-19,8768475.8417,0.0,4301183.2755,13069659.1172
2018-06-20,13178295.9045,0.0,0.0,13178295.9045
2018-06-21,13178295.9045,0.0,0.0,13178295.9045
2018-06-22,13178295.9045,0.0,0.0,13178295.9045
2018-06-25,13178295.9045,0.0,0.0,13178295.9045
2018-06-26,13178295.9045,0.0,0.0,13178295.9045
2018-06-27,13178295.9045,0.0,0.0,13178295.9045
2018-06-28,13178295.9045,0.0,0.0,13178295.9045
2018-06-29,13178295.9045,0.0,0.0,13178295.9045
2018-07-02,13178295.9045,0.0,0.0,13178295.9045
2018-07-03,13178295.9045,0.0,0.0,13178295.9045
2018-07-04,13178295.9045,0.0,0.0,13178295.9045
2018-07-05,13178295.9045,0.0,0.0,13178295.9045
2018-07-06,13178295.9045,0.0,0.0,13178295.9045
2018-07-09,13178295.9045,0.0,0.0,13178295.9045
2018-07-10,13178295.9045,0.0,0.0,13178295.9045
2018-07-11,13178295.9045,0.0,0.0,13178295.9045
2018-07-12,13178295.9045,0.0,0.0,13178295.9045
2018-07-13,13178295.9045,0.0,0.0,13178295.9045
2018-07-16,13178295.9045,0.0,0.0,13178295.9045
2018-07-17,13178295.9045,0.0,0.0,13178295.9045
2018-07-18,13178295.9045,0.0,0.0,13178295.9045
2018-07-19,13178295.9045,0.0,0.0,13178295.9045
2018-07-20,13178295.9045,0.0,0.0,13178295.9045
2018-07-23,13178295.9045,0.0,0.0,13178295.9045
2018-07-24,1380.3465,2107.9692,13174807.5888,13176187.9353
2018-07-25,1380.3465,0.0,13179608.7439,13180989.0904
2018-07-26,1380.3465,0.0,13022132.2621,13023512.6086
2018-07-27,1380.3465,0.0,12894923.1337,12896303.4802
2018-07-30,12706644.6359,0.0,0.0,12706644.6359
2018-07-31,12706644.6359,0.0,0.0,12706644.6359
2018-08-01,12706644.6359,0.0,0.0,12706644.6359
2018-08-02,12706644.6359,0.0,0.0,12706644.6359
2018-08-03,12706644.6359,0.0,0.0,12706644.6359
2018-08-06,12706644.6359,0.0,0.0,12706644.6359
2018-08-07,12706644.6359,0.0,0.0,12706644.6359
2018-08-08,12706644.6359,0.0,0.0,12706644.6359
2018-08-09,12706644.6359,0.0,0.0,12706644.6359
2018-08-10,12706644.6359,0.0,0.0,12706644.6359
2018-08-13,12706644.6359,0.0,0.0,12706644.6359
2018-08-14,12706644.6359,0.0,0.0,12706644.6359
2018-08-15,12706644.6359,0.0,0.0,12706644.6359
2018-08-16,12706644.6359,0.0,0.0,12706644.6359
2018-08-17,12706644.6359,0.0,0.0,12706644.6359
2018-08-20,12706644.6359,0.0,0.0,12706644.6359
2018-08-21,12706644.6359,0.0,0.0,12706644.6359
2018-08-22,12706644.6359,0.0,0.0,12706644.6359
2018-08-23,12706644.6359,0.0,0.0,12706644.6359
2018-08-24,12706644.6359,0.0,0.0,12706644.6359
2018-08-27,12706644.6359,0.0,0.0,12706644.6359
2018-08-28,12706644.6359,0.0,0.0,12706644.6359
2018-08-29,12706644.6359,0.0,0.0,12706644.6359
2018-08-30,12706644.6359,0.0,0.0,12706644.6359
2018-08-31,12706644.6359,0.0,0.0,12706644.6359
2018-09-03,12706644.6359,0.0,0.0,12706644.6359
2018-09-04,12706644.6359,0.0,0.0,12706644.6359
2018-09-05,12706644.6359,0.0,0.0,12706644.6359
2018-09-06,12706644.6359,0.0,0.0,12706644.6359
2018-09-07,12706644.6359,0.0,0.0,12706644.6359
2018-09-10,12706644.6359,0.0,0.0,12706644.6359
2018-09-11,12706644.6359,0.0,0.0,12706644.6359
2018-09-12,12706644.6359,0.0,0.0,12706644.6359
2018-09-13,12706644.6359,0.0,0.0,12706644.6359
2018-09-14,12706644.6359,0.0,0.0,12706644.6359
2018-09-17,12706644.6359,0.0,0.0,12706644.6359
2018-09-18,12706644.6359,0.0,0.0,12706644.6359
2018-09-19,12706644.6359,0.0,0.0,12706644.6359
2018-09-20,12706644.6359,0.0,0.0,12706644.6359
2018-09-21,12706644.6359,0.0,0.0,12706644.6359
2018-09-25,12706644.6359,0.0,0.0,12706644.6359
2018-09-26,12706644.6359,0.0,0.0,12706644.6359
2018-09-27,12706644.6359,0.0,0.0,12706644.6359
2018-09-28,12706644.6359,0.0,0.0,12706644.6359
2018-10-08,12706644.6359,0.0,0.0,12706644.6359
2018-10-09,12706644.6359,0.0,0.0,12706644.6359
2018-10-10,12706644.6359,0.0,0.0,12706644.6359
2018-10-11,12706644.6359,0.0,0.0,12706644.6359
2018-10-12,12706644.6359,0.0,0.0,12706644.6359
2018-10-15,12706644.6359,0.0,0.0,12706644.6359
2018-10-16,12706644.6359,0.0,0.0,12706644.6359
2018-10-17,12706644.6359,0.0,0.0,12706644.6359
2018-10-18,12706644.6359,0.0,0.0,12706644.6359
2018-10-19,12706644.6359,0.0,0.0,12706644.6359
2018-10-22,12706644.6359,0.0,0.0,12706644.6359
2018-10-23,12706644.6359,0.0,0.0,12706644.6359
2018-10-24,12706644.6359,0.0,0.0,12706644.6359
2018-10-25,12706644.6359,0.0,0.0,12706644.6359
2018-10-26,12706644.6359,0.0,0.0,12706644.6359
2018-10-29,12706644.6359,0.0,0.0,12706644.6359
2018-10-30,12706644.6359,0.0,0.0,12706644.6359
2018-10-31,12706644.6359,0.0,0.0,12706644.6359
2018-11-01,12706644.6359,0.0,0.0,12706644.6359
2018-11-02,12706644.6359,0.0,0.0,12706644.6359
2018-11-05,12706644.6359,0.0,0.0,12706644.6359
2018-11-06,12706644.6359,0.0,0.0,12706644.6359
2018-11-07,12706644.6359,0.0,0.0,12706644.6359
2018-11-08,12706644.6359,0.0,0.0,12706644.6359
2018-11-09,2204.1158,2032.3853,12702408.1348,12704612.2506
2018-11-12,1625.8791,0.0925,13094910.0917,13096535.9708
2018-11-13,1625.8791,0.0,13415157.5346,13416783.4137
2018-11-14,1625.8791,0.0,13300872.1349,13302498.014
2018-11-15,1625.8791,0.0,13632885.3536,13634511.2327
2018-11-16,1625.8791,0.0,13832900.2437,13834526.1228
2018-11-19,1625.8791,0.0,13946234.8455,13947860.7246
2018-11-20,1625.8791,0.0,13409133.1215,13410759.0006
2018-11-21,1625.8791,0.0,13450056.5617,13451682.4408
2018-11-22,1625.8791,0.0,13418534.1472,13420160.0263
2018-11-23,1625.8791,0.0,12916397.9268,12918023.8059
2018-11-26,1625.8791,0.0,12872904.3142,12874530.1933
2018-11-27,1934.2036,697.6656,12959142.8997,12961077.1033
2018-11-28,7123.4803,709.8035,13156495.3759,13163618.8562
2018-11-29,641.9182,697.5087,12999346.9404,12999988.8586
2018-11-30,641.9182,0.0,13142345.1638,13142987.082
2018-12-03,13623176.7726,0.0,0.0,13623176.7726
2018-12-04,7164.4827,2178.2135,13613834.0765,13620998.5592
2018-12-05,7164.4827,0.0,13631440.8363,13638605.319
2018-12-06,172.497,701.5958,13182608.7143,13182781.2113
2018-12-07,1109.8714,667.1333,13005119.4502,13006229.3216
2018-12-10,1109.8714,0.0,12906892.7525,12908002.6239
2018-12-11,8590841.6471,0.0,4421778.812,13012620.4591
2018-12-12,8590841.6471,0.0,4457055.119,13047896.7661
2018-12-13,8590841.6471,0.0,4537147.5095,13127989.1566
2018-12-14,8590841.6471,0.0,4468499.5845,13059341.2316
2018-12-17,8590841.6471,0.0,4430376.3455,13021217.9926
2018-12-18,8590841.6471,0.0,4402814.1135,12993655.7606
2018-12-19,8590841.6471,0.0,4320493.697,12911335.3441
2018-12-20,12907311.2815,0.0,0.0,12907311.2815
2018-12-21,12907311.2815,0.0,0.0,12907311.2815
2018-12-24,12907311.2815,0.0,0.0,12907311.2815
2018-12-25,12907311.2815,0.0,0.0,12907311.2815
2018-12-26,12907311.2815,0.0,0.0,12907311.2815
2018-12-27,12907311.2815,0.0,0.0,12907311.2815
2018-12-28,12907311.2815,0.0,0.0,12907311.2815
2019-01-02,12907311.2815,0.0,0.0,12907311.2815
2019-01-03,12907311.2815,0.0,0.0,12907311.2815
2019-01-04,12907311.2815,0.0,0.0,12907311.2815
2019-01-07,12907311.2815,0.0,0.0,12907311.2815
2019-01-08,12907311.2815,0.0,0.0,12907311.2815
2019-01-09,12907311.2815,0.0,0.0,12907311.2815
2019-01-10,12907311.2815,0.0,0.0,12907311.2815
2019-01-11,12907311.2815,0.0,0.0,12907311.2815
2019-01-14,12907311.2815,0.0,0.0,12907311.2815
2019-01-15,12907311.2815,0.0,0.0,12907311.2815
2019-01-16,10258.7779,2063.1983,12894989.3053,12905248.0832
2019-01-17,7283.684,0.4759,12777895.3899,12785179.0739
2019-01-18,4272250.4701,0.0,8699969.7398,12972220.2099
2019-01-21,2340.0399,683.0764,12999372.7558,13001712.7957
2019-01-22,1749.852,0.0944,12816692.3305,12818442.1825
2019-01-23,1749.852,0.0,12802819.1616,12804569.0136
2019-01-24,4270608.6708,0.0,8697314.9736,12967923.6444
2019-01-25,596.5362,683.0926,12958922.1607,12959518.6969
2019-01-28,596.5362,0.0,12958652.0259,12959248.5621
2019-01-29,596.5362,0.0,12867252.6,12867849.1362
2019-01-30,596.5362,0.0,12680013.1127,12680609.6489
2019-01-31,596.5362,0.0,12743617.3398,12744213.876
2019-02-01,596.5362,0.0,13079648.0033,13080244.5395
2019-02-11,596.5362,0.0,13494281.104,13494877.6402
2019-02-12,596.5362,0.0,13597011.9475,13597608.4837
2019-02-13,596.5362,0.0,13954268.4191,13954864.9553
2019-02-14,596.5362,0.0,14028939.1161,14029535.6523
2019-02-15,596.5362,0.0,13854849.7902,13855446.3264
2019-02-18,596.5362,0.0,14491380.1874,14491976.7236
2019-02-19,596.5362,0.0,14510558.4223,14511154.9585
2019-02-20,596.5362,0.0,14513128.135,14513724.6712
2019-02-21,596.5362,0.0,14553319.2368,14553915.773
2019-02-22,596.5362,0.0,15251951.18,15252547.7162
2019-02-25,596.5362,0.0,16268973.6402,16269570.1764
2019-02-26,1223.8721,800.5505,16073705.7564,16074929.6285
2019-02-27,1223.8721,0.0,15929253.6123,15930477.4844
2019-02-28,1223.8721,0.0,15729376.0245,15730599.8966
2019-03-01,1223.8721,0.0,16034397.9468,16035621.8189
2019-03-04,1223.8721,0.0,16318498.9951,16319722.8672
2019-03-05,1223.8721,0.0,16749042.5896,16750266.4617
2019-03-06,1223.8721,0.0,17283365.0924,17284588.9645
2019-03-07,1223.8721,0.0,17673906.1927,17675130.0648
2019-03-08,1223.8721,0.0,16785789.9629,16787013.835
2019-03-11,1223.8721,0.0,17325892.3647,17327116.2368
2019-03-12,1223.8721,0.0,17776356.4701,17777580.3422
2019-03-13,1223.8721,0.0,17177150.7526,17178374.6247
2019-03-14,1223.8721,0.0,16587163.0237,16588386.8958
2019-03-15,1223.8721,0.0,16645226.0635,16646449.9356
2019-03-18,1223.8721,0.0,17035964.6654,17037188.5375
2019-03-19,1223.8721,0.0,17133589.7669,17134813.639
2019-03-20,1223.8721,0.0,17171364.8637,17172588.7358
2019-03-21,1223.8721,0.0,17533788.8337,17535012.7058
2019-03-22,1223.8721,0.0,17406455.994,17407679.8661
2019-03-25,3456.0585,892.7017,16940408.1957,16943864.2542
2019-03-26,3456.0585,0.0,16523297.8948,16526753.9533
2019-03-27,3456.0585,0.0,16688095.2708,16691551.3293
2019-03-28,3456.0585,0.0,16531009.826,16534465.8845
2019-03-29,3456.0585,0.0,17066334.5935,17069790.652
2019-04-01,3456.0585,0.0,17657246.923,17660702.9815
2019-04-02,3456.0585,0.0,17608750.042,17612206.1005
2019-04-03,10002.3744,899.7982,17742325.0359,17752327.4103
2019-04-04,10002.3744,0.0,17851786.2208,17861788.5952
2019-04-08,10002.3744,0.0,17641995.0636,17651997.438
2019-04-09,4028.2999,963.4288,17904810.5541,17908838.854
2019-04-10,4028.2999,0.0,18029804.1328,18033832.4327
2019-04-11,4028.2999,0.0,17524733.4471,17528761.747
2019-04-12,4028.2999,0.0,17439062.1299,17443090.4298
2019-04-15,4028.2999,0.0,17267685.0314,17271713.3313
2019-04-16,111.6465,951.5322,17658970.95,17659082.5965
2019-04-17,111.6465,0.0,17653833.0636,17653944.7101
2019-04-18,111.6465,0.0,17585888.3183,17585999.9648
2019-04-19,2437.8008,947.6207,17694099.9274,17696537.7282
2019-04-22,2437.8008,0.0,17466481.1103,17468918.9111
2019-04-23,5723806.3344,0.0,11734817.6474,17458623.9818
2019-04-24,467.8515,915.5877,17483562.878,17484030.7295
2019-04-25,467.8515,0.0,17164550.5764,17165018.4279
2019-04-26,467.8515,0.0,17057231.1181,17057698.9696
2019-04-29,5779673.2566,0.0,11227730.3298,17007403.5864
2019-04-30,11160540.9216,0.0,5938376.512,17098917.4336
2019-05-06,11160540.9216,0.0,5591611.251,16752152.1726
2019-05-07,16881916.6026,0.0,0.0,16881916.6026
2019-05-08,16881916.6026,0.0,0.0,16881916.6026
2019-05-09,16881916.6026,0.0,0.0,16881916.6026
2019-05-10,16881916.6026,0.0,0.0,16881916.6026
2019-05-13,16881916.6026,0.0,0.0,16881916.6026
2019-05-14,16881916.6026,0.0,0.0,16881916.6026
2019-05-15,16881916.6026,0.0,0.0,16881916.6026
2019-05-16,16881916.6026,0.0,0.0,16881916.6026
2019-05-17,16881916.6026,0.0,0.0,16881916.6026
2019-05-20,16881916.6026,0.0,0.0,16881916.6026
2019-05-21,16881916.6026,0.0,0.0,16881916.6026
2019-05-22,16881916.6026,0.0,0.0,16881916.6026
2019-05-23,16881916.6026,0.0,0.0,16881916.6026
2019-05-24,16881916.6026,0.0,0.0,16881916.6026
2019-05-27,16881916.6026,0.0,0.0,16881916.6026
2019-05-28,16881916.6026,0.0,0.0,16881916.6026
2019-05-29,16881916.6026,0.0,0.0,16881916.6026
2019-05-30,16881916.6026,0.0,0.0,16881916.6026
2019-05-31,16881916.6026,0.0,0.0,16881916.6026
2019-06-03,16881916.6026,0.0,0.0,16881916.6026
2019-06-04,16881916.6026,0.0,0.0,16881916.6026
2019-06-05,16881916.6026,0.0,0.0,16881916.6026
2019-06-06,16881916.6026,0.0,0.0,16881916.6026
2019-06-10,16881916.6026,0.0,0.0,16881916.6026
2019-06-11,16881916.6026,0.0,0.0,16881916.6026
2019-06-12,14661.6467,2698.3291,16864556.6268,16879218.2735
2019-06-13,6842.1252,1.2509,16875861.461,16882703.5862
2019-06-14,11114231.8962,0.0,5577423.0972,16691654.9934
2019-06-17,11114231.8962,0.0,5561809.216,16676041.1122
2019-06-18,11114231.8962,0.0,5524931.9728,16639163.869
2019-06-19,1912.5378,1777.6867,16636683.555,16638596.0928
2019-06-20,1912.5378,0.0,17219682.4029,17221594.9407
2019-06-21,1912.5378,0.0,17359951.2464,17361863.7842
2019-06-24,1912.5378,0.0,17457140.9208,17459053.4586
2019-06-25,1912.5378,0.0,17457408.7771,17459321.3149
2019-06-26,1912.5378,0.0,17142187.6606,17144100.1984
2019-06-27,1912.5378,0.0,17345337.0873,17347249.6251
2019-06-28,1912.5378,0.0,17307703.2383,17309615.7761
2019-07-01,1912.5378,0.0,17713287.6125,17715200.1503
2019-07-02,2476.4338,913.4099,17729545.9664,17732022.4002
2019-07-03,1725.3704,0.1202,17371627.1968,17373352.5672
2019-07-04,1725.3704,0.0,17244998.2168,17246723.5872
2019-07-05,1725.3704,0.0,17424213.0356,17425938.406
2019-07-08,1725.3704,0.0,16984257.0624,16985982.4328
2019-07-09,1725.3704,0.0,17045438.5272,17047163.8976
2019-07-10,7728.1309,858.1507,17020932.3812,17028660.5121
2019-07-11,5522.734,0.3528,16985751.1908,16991273.9248
2019-07-12,4046.2568,0.2362,17074016.3909,17078062.6477
2019-07-15,3293.3218,0.1205,17228872.6261,17232165.9479
2019-07-16,2543.98,0.1199,17075955.4338,17078499.4138
2019-07-17,1796.9198,0.1195,17063429.3377,17065226.2575
2019-07-18,1796.9198,0.0,16840942.7749,16842739.6947
2019-07-19,5885805.7333,0.0,11122760.8396,17008566.5729
2019-07-22,11132481.2543,0.0,5812508.236,16944989.4903
2019-07-23,11132481.2543,0.0,5772687.9184,16905169.1727
2019-07-24,11132481.2543,0.0,5776772.1056,16909253.3599
2019-07-25,11132481.2543,0.0,5834961.264,16967442.5183
2019-07-26,11132481.2543,0.0,5813292.0456,16945773.2999
2019-07-29,17016263.3593,0.0,0.0,17016263.3593
2019-07-30,17016263.3593,0.0,0.0,17016263.3593
2019-07-31,17016263.3593,0.0,0.0,17016263.3593
2019-08-01,17016263.3593,0.0,0.0,17016263.3593
2019-08-02,17016263.3593,0.0,0.0,17016263.3593
2019-08-05,17016263.3593,0.0,0.0,17016263.3593
2019-08-06,17016263.3593,0.0,0.0,17016263.3593
2019-08-07,17016263.3593,0.0,0.0,17016263.3593
2019-08-08,17016263.3593,0.0,0.0,17016263.3593
2019-08-09,17016263.3593,0.0,0.0,17016263.3593
2019-08-12,17016263.3593,0.0,0.0,17016263.3593
2019-08-13,17016263.3593,0.0,0.0,17016263.3593
2019-08-14,17016263.3593,0.0,0.0,17016263.3593
2019-08-15,17016263.3593,0.0,0.0,17016263.3593
2019-08-16,17016263.3593,0.0,0.0,17016263.3593
2019-08-19,17016263.3593,0.0,0.0,17016263.3593
2019-08-20,4859.3896,2721.3892,17008682.5805,17013541.9701
2019-08-21,3658.4912,0.1921,16979044.8788,16982703.37
2019-08-22,2450.8947,0.1932,17076694.3119,17079145.2066
2019-08-23,2450.8947,0.0,17207501.3611,17209952.2558
2019-08-26,300.9838,891.7266,17094375.6793,17094676.6631
2019-08-27,300.9838,0.0,17309636.4811,17309937.4649
2019-08-28,300.9838,0.0,17177096.0662,17177397.05
2019-08-29,300.9838,0.0,17236114.429,17236415.4128
2019-08-30,300.9838,0.0,17182939.6374,17183240.6212
2019-09-02,300.9838,0.0,17495206.5677,17495507.5515
2019-09-03,4364.2907,907.9081,17579091.8639,17583456.1546
2019-09-04,4364.2907,0.0,17575285.8406,17579650.1313
2019-09-05,4364.2907,0.0,17762486.4093,17766850.7
2019-09-06,6199422.8271,92.4436,11628768.0237,17828190.8508
2019-09-09,5858264.9426,54.5765,12210503.2772,18068768.2198
2019-09-10,6120938.7659,42.0345,11941643.0146,18062581.7805
2019-09-11,5798957.8407,51.5087,12071824.3567,17870782.1974
2019-09-12,6145300.2378,55.4237,11775332.7542,17920632.992
2019-09-16,5880820.6489,42.31,12139696.468,18020517.1169
2019-09-17,5970257.5543,14.3122,11810072.3946,17780329.9489
2019-09-18,20.6452,955.0851,17827240.0694,17827260.7146
2019-09-19,20.6452,0.0,18011093.1498,18011113.795
2019-09-20,20.6452,0.0,18086356.0428,18086376.688
2019-09-23,20.6452,0.0,17954743.7645,17954764.4097
2019-09-24,723.3212,965.058,18073329.3787,18074052.6999
2019-09-25,723.3212,0.0,17729210.1769,17729933.4981
2019-09-26,723.3212,0.0,17274391.5338,17275114.855
2019-09-27,723.3212,0.0,17488972.6973,17489696.0185
2019-09-30,723.3212,0.0,17127411.5172,17128134.8384
2019-10-08,723.3212,0.0,16929650.7902,16930374.1114
2019-10-09,17003320.7313,0.0,0.0,17003320.7313
2019-10-10,17003320.7313,0.0,0.0,17003320.7313
2019-10-11,17003320.7313,0.0,0.0,17003320.7313
2019-10-14,17003320.7313,0.0,0.0,17003320.7313
2019-10-15,17003320.7313,0.0,0.0,17003320.7313
2019-10-16,17003320.7313,0.0,0.0,17003320.7313
2019-10-17,17003320.7313,0.0,0.0,17003320.7313
2019-10-18,17003320.7313,0.0,0.0,17003320.7313
2019-10-21,17003320.7313,0.0,0.0,17003320.7313
2019-10-22,17003320.7313,0.0,0.0,17003320.7313
2019-10-23,17003320.7313,0.0,0.0,17003320.7313
2019-10-24,17003320.7313,0.0,0.0,17003320.7313
2019-10-25,17003320.7313,0.0,0.0,17003320.7313
2019-10-28,17003320.7313,0.0,0.0,17003320.7313
2019-10-29,17003320.7313,0.0,0.0,17003320.7313
2019-10-30,17003320.7313,0.0,0.0,17003320.7313
2019-10-31,17003320.7313,0.0,0.0,17003320.7313
2019-11-01,17003320.7313,0.0,0.0,17003320.7313
2019-11-04,17003320.7313,0.0,0.0,17003320.7313
2019-11-05,6969.8103,2718.9811,16993631.9399,17000601.7502
2019-11-06,6969.8103,0.0,16823130.9082,16830100.7185
2019-11-07,6969.8103,0.0,16945032.9839,16952002.7942
2019-11-08,6969.8103,0.0,16941386.8148,16948356.6251
2019-11-11,6969.8103,0.0,16624958.7618,16631928.5721
2019-11-12,5517596.9569,0.0,11170965.0152,16688561.9721
2019-11-13,5517596.9569,0.0,11267084.0858,16784681.0427
2019-11-14,5517596.9569,0.0,11356851.563,16874448.5199
2019-11-15,3776.1349,882.0702,16740334.3478,16744110.4827
2019-11-18,3776.1349,0.0,16818804.8901,16822581.025
2019-11-19,3776.1349,0.0,17117680.1322,17121456.2671
2019-11-20,3776.1349,0.0,17019605.7709,17023381.9058
2019-11-21,3776.1349,0.0,16890111.5431,16893887.678
2019-11-22,3776.1349,0.0,16478094.9442,16481871.0791
2019-11-25,10768352.3203,0.0,5522655.4812,16291007.8015
2019-11-26,16348750.2575,0.0,0.0,16348750.2575
2019-11-27,16348750.2575,0.0,0.0,16348750.2575
2019-11-28,16348750.2575,0.0,0.0,16348750.2575
2019-11-29,16348750.2575,0.0,0.0,16348750.2575
2019-12-02,16348750.2575,0.0,0.0,16348750.2575
2019-12-03,16348750.2575,0.0,0.0,16348750.2575
2019-12-04,16348750.2575,0.0,0.0,16348750.2575
2019-12-05,16348750.2575,0.0,0.0,16348750.2575
2019-12-06,4653.2002,2614.6372,16341482.4201,16346135.6203
2019-12-09,3373.6836,0.2047,16392219.5395,16395593.2231
2019-12-10,3373.6836,0.0,16576663.3553,16580037.0389
2019-12-11,3373.6836,0.0,16447378.3253,16450752.0089
2019-12-12,3373.6836,0.0,16432328.439,16435702.1226
2019-12-13,3373.6836,0.0,16653585.8482,16656959.5318
2019-12-16,3373.6836,0.0,17039840.6341,17043214.3177
2019-12-17,3373.6836,0.0,17297931.5372,17301305.2208
2019-12-18,3373.6836,0.0,17436299.9573,17439673.6409
2019-12-19,3373.6836,0.0,17460768.9695,17464142.6531
2019-12-20,3373.6836,0.0,17204695.1675,17208068.8511
2019-12-23,3373.6836,0.0,16838951.6945,16842325.3781
2019-12-24,3373.6836,0.0,17339264.7593,17342638.4429
2019-12-25,3373.6836,0.0,17491030.8754,17494404.559
2019-12-26,3373.6836,0.0,17601876.3958,17605250.0794
2019-12-27,3373.6836,0.0,17551591.8215,17554965.5051
2019-12-30,3373.6836,0.0,17663405.9573,17666779.6409
2019-12-31,3373.6836,0.0,17706700.5927,17710074.2763
2020-01-02,3373.6836,0.0,18262668.0944,18266041.778
2020-01-03,3373.6836,0.0,18486095.758,18489469.4416
2020-01-06,3373.6836,0.0,18886542.4888,18889916.1724
2020-01-07,3373.6836,0.0,19096802.9222,19100176.6058
2020-01-08,3373.6836,0.0,18846558.0833,18849931.7669
2020-01-09,3373.6836,0.0,18989757.3322,18993131.0158
2020-01-10,3373.6836,0.0,18915253.4158,18918627.0994
2020-01-13,3373.6836,0.0,19188319.4642,19191693.1478
2020-01-14,3373.6836,0.0,19283602.4978,19286976.1814
2020-01-15,3373.6836,0.0,19191206.4002,19194580.0838
2020-01-16,3373.6836,0.0,19107284.5666,19110658.2502
2020-01-17,3373.6836,0.0,19054152.1501,19057525.8337
2020-01-20,3373.6836,0.0,19248560.749,19251934.4326
2020-01-21,3373.6836,0.0,18884471.3859,18887845.0695
2020-01-22,3373.6836,0.0,19143600.9915,19146974.6751
2020-01-23,3373.6836,0.0,18518687.3422,18522061.0258
2020-02-03,3373.6836,0.0,16826810.2391,16830183.9227
2020-02-04,17224230.963,0.0,0.0,17224230.963
2020-02-05,17224230.963,0.0,0.0,17224230.963
2020-02-06,11556.0129,2753.5874,17209921.3627,17221477.3756
2020-02-07,8496.5351,0.4894,17484897.4413,17493393.9764
2020-02-10,6973.911,0.2436,17396789.8331,17403763.7441
2020-02-11,5469.1738,0.2407,17359432.4111,17364901.5849
2020-02-12,3928.053,0.2465,17765031.5502,17768959.6032
2020-02-13,5862043.9979,0.0,11714159.7606,17576203.7585
2020-02-14,5862043.9979,0.0,11756186.5347,17618230.5326
2020-02-17,5862043.9979,0.0,12084772.7019,17946816.6998
2020-02-18,49.3693,937.7691,18074119.8805,18074169.2498
2020-02-19,49.3693,0.0,17764768.036,17764817.4053
2020-02-20,5754857.1693,0.0,12287851.0737,18042708.243
2020-02-21,73.7278,920.6181,18248169.744,18248243.4718
2020-02-24,73.7278,0.0,18493778.5131,18493852.2409
2020-02-25,1561.582,915.7661,18634220.307,18635781.889
2020-02-26,1561.582,0.0,17924083.0209,17925644.6029
2020-02-27,1561.582,0.0,17957439.6836,17959001.2656
2020-02-28,1561.582,0.0,16844465.9997,16846027.5817
2020-03-02,15365.1587,893.6284,17422295.3114,17437660.4701
2020-03-03,10828.3019,0.7258,17594986.5103,17605814.8122
2020-03-04,7804.5015,0.4837,17591554.9152,17599359.4167
2020-03-05,105.0023,878.9657,17931405.6406,17931510.6429
2020-03-06,105.0023,0.0,17575384.1658,17575489.1681
2020-03-09,105.0023,0.0,16852823.0267,16852928.029
2020-03-10,105.0023,0.0,17427473.9869,17427578.9892
2020-03-11,105.0023,0.0,17080292.5987,17080397.601
2020-03-12,6017456.1109,0.0,10736170.6692,16753626.7801
2020-03-13,6017456.1109,0.0,10630717.0811,16648173.192
2020-03-16,6017456.1109,0.0,10084844.2117,16102300.3226
2020-03-17,16071901.769,0.0,0.0,16071901.769
2020-03-18,16071901.769,0.0,0.0,16071901.769
2020-03-19,16071901.769,0.0,0.0,16071901.769
2020-03-20,16071901.769,0.0,0.0,16071901.769
2020-03-23,16071901.769,0.0,0.0,16071901.769
2020-03-24,16071901.769,0.0,0.0,16071901.769
2020-03-25,16071901.769,0.0,0.0,16071901.769
2020-03-26,16071901.769,0.0,0.0,16071901.769
2020-03-27,16071901.769,0.0,0.0,16071901.769
2020-03-30,16071901.769,0.0,0.0,16071901.769
2020-03-31,16071901.769,0.0,0.0,16071901.769
2020-04-01,16071901.769,0.0,0.0,16071901.769
2020-04-02,16071901.769,0.0,0.0,16071901.769
2020-04-03,16071901.769,0.0,0.0,16071901.769
2020-04-07,16071901.769,0.0,0.0,16071901.769
2020-04-08,16071901.769,0.0,0.0,16071901.769
2020-04-09,16071901.769,0.0,0.0,16071901.769
2020-04-10,16071901.769,0.0,0.0,16071901.769
2020-04-13,16071901.769,0.0,0.0,16071901.769
2020-04-14,16071901.769,0.0,0.0,16071901.769
2020-04-15,16098.995,2568.5175,16053234.2565,16069333.2515
2020-04-16,12659.4894,0.5502,16056094.7452,16068754.2346
2020-04-17,9246.1588,0.546,16032884.8682,16042131.027
2020-04-20,9246.1588,0.0,16096166.8108,16105412.9696
2020-04-21,9246.1588,0.0,15881556.6306,15890802.7894
2020-04-22,9246.1588,0.0,16176227.1238,16185473.2826
2020-04-23,1868.3596,843.2131,16211301.3766,16213169.7362
2020-04-24,5162736.9383,0.0,10865367.528,16028104.4663
2020-04-27,5162736.9383,0.0,11013147.8812,16175884.8195
2020-04-28,5162736.9383,0.0,11120694.482,16283431.4203
2020-04-29,2354.7776,825.5291,16088519.7808,16090874.5584
2020-04-30,2354.7776,0.0,16264466.3134,16266821.091
2020-05-06,2354.7776,0.0,16595514.1534,16597868.931
2020-05-07,2354.7776,0.0,16621579.4982,16623934.2758
2020-05-08,2354.7776,0.0,16770370.0518,16772724.8294
2020-05-11,2354.7776,0.0,16591777.916,16594132.6936
2020-05-12,2354.7776,0.0,16748214.6784,16750569.456
2020-05-13,2354.7776,0.0,16906241.5706,16908596.3482
2020-05-14,2354.7776,0.0,16795571.7392,16797926.5168
2020-05-15,2354.7776,0.0,16753325.8306,16755680.6082
2020-05-18,2354.7776,0.0,16822180.3626,16824535.1402
2020-05-19,2354.7776,0.0,17014050.6654,17016405.443
2020-05-20,2354.7776,0.0,16798431.1616,16800785.9392
2020-05-21,2354.7776,0.0,16720078.571,16722433.3486
2020-05-22,5285029.0139,0.0,11015131.1436,16300160.1575
2020-05-25,5285029.0139,0.0,11206049.4628,16491078.4767
2020-05-26,5285029.0139,0.0,11329449.6932,16614478.7071
2020-05-27,5903.4062,844.525,16440762.1103,16446665.5165
2020-05-28,5903.4062,0.0,16324157.3302,16330060.7364
2020-05-29,11227276.6727,0.0,5278136.3354,16505413.0081
2020-06-01,3616.7432,1795.4983,16750815.7857,16754432.5289
2020-06-02,3616.7432,0.0,16753315.5665,16756932.3097
2020-06-03,5544956.7622,5.5692,11158491.923,16703448.6852
2020-06-04,16593.6069,1771.9578,16677554.6976,16694148.3045
2020-06-05,13116.9782,0.5562,16681074.9154,16694191.8936
2020-06-08,9594.0591,0.5636,16713006.5976,16722600.6567
2020-06-09,9594.0591,0.0,16854256.6235,16863850.6826
2020-06-10,9594.0591,0.0,16915741.8785,16925335.9376
2020-06-11,9594.0591,0.0,16807138.4795,16816732.5386
2020-06-12,9594.0591,0.0,16839755.7461,16849349.8052
2020-06-15,9594.0591,0.0,16737995.0958,16747589.1549
2020-06-16,742.5335,1794.4997,17097309.8407,17098052.3742
2020-06-17,742.5335,0.0,17269616.4143,17270358.9478
2020-06-18,742.5335,0.0,17261644.9093,17262387.4428
2020-06-19,742.5335,0.0,17502669.7764,17503412.3099
2020-06-22,742.5335,0.0,17632751.1468,17633493.6803
2020-06-23,742.5335,0.0,17960318.9968,17961061.5303
2020-06-24,742.5335,0.0,17926890.2901,17927632.8236
2020-06-29,742.5335,0.0,17776878.4725,17777621.006
2020-06-30,742.5335,0.0,18142699.6121,18143442.1456
2020-07-01,742.5335,0.0,18083171.2941,18083913.8276
2020-07-02,7204.9462,926.8019,18110887.3209,18118092.2671
2020-07-03,7204.9462,0.0,18230761.5993,18237966.5455
2020-07-06,7204.9462,0.0,18727713.4163,18734918.3625
2020-07-07,456.3933,1042.7032,19197602.1292,19198058.5225
2020-07-08,456.3933,0.0,19856182.6963,19856639.0896
2020-07-09,2579.831,1003.05,20218836.9696,20221416.8006
2020-07-10,2579.831,0.0,19780144.0167,19782723.8477
2020-07-13,2579.831,0.0,20446723.2624,20449303.0934
2020-07-14,2579.831,0.0,20165493.5493,20168073.3803
2020-07-15,2579.831,0.0,19443154.474,19445734.305
2020-07-16,6359039.0457,9.7802,12061130.4264,18420169.4721
2020-07-17,6117032.7529,38.7148,12097119.0466,18214151.7995
2020-07-20,12879.0638,976.5083,18837120.6982,18849999.762
2020-07-21,9098.5234,0.6048,18833215.5059,18842314.0293
2020-07-22,6232.8495,0.4584,19076581.8835,19082814.733
2020-07-23,4313.6215,0.307,19132162.1861,19136475.8076
2020-07-24,3417.7627,0.1433,18217889.7635,18221307.5262
2020-07-27,2521.2824,0.1434,18510342.7524,18512864.0348
2020-07-28,2521.2824,0.0,18686758.3458,18689279.6282
2020-07-29,2521.2824,0.0,19088923.9923,19091445.2747
2020-07-30,2521.2824,0.0,18956689.6185,18959210.9009
2020-07-31,2521.2824,0.0,19156266.6615,19158787.9439
2020-08-03,12384.0303,1069.1033,19476300.0431,19488684.0734
2020-08-04,12384.0303,0.0,19428553.8515,19440937.8818
2020-08-05,12384.0303,0.0,19790614.6872,19802998.7175
2020-08-06,12384.0303,0.0,19620123.4567,19632507.487
2020-08-07,12384.0303,0.0,19368679.6182,19381063.6485
2020-08-10,12384.0303,0.0,19152688.5218,19165072.5521
2020-08-11,12561344.4718,0.0,6364083.0001,18925427.4719
2020-08-12,12561344.4718,0.0,6160248.1787,18721592.6505
2020-08-13,18598831.9234,0.0,0.0,18598831.9234
2020-08-14,23149.1545,2971.6338,18572711.1351,18595860.2896
2020-08-17,314.0993,1007.2618,18974132.1246,18974446.2239
2020-08-18,314.0993,0.0,19113303.2379,19113617.3372
2020-08-19,314.0993,0.0,18919798.9857,18920113.085
2020-08-20,6039739.1043,0.0,12512197.772,18551936.8763
2020-08-21,12324095.671,0.0,6315054.6088,18639150.2798
2020-08-24,7894.3894,1970.277,18737162.1795,18745056.5689
2020-08-25,6001.2877,0.3028,18781517.9264,18787519.2141
2020-08-26,4157.5184,0.295,18418790.6888,18422948.2072
2020-08-27,12042188.2335,0.0,6576427.7516,18618615.9851
2020-08-28,12042188.2335,0.0,6785099.671,18827287.9045
2020-08-31,447.7116,1926.3703,18844915.0809,18845362.7925
2020-09-01,12096061.5322,0.0,6798852.5892,18894914.1214
2020-09-02,12096061.5322,0.0,6824758.0632,18920819.5954
2020-09-03,12096061.5322,0.0,6781296.0306,18877357.5628
2020-09-04,12096061.5322,0.0,6624010.2838,18720071.816
2020-09-07,12096061.5322,0.0,6404855.065,18500916.5972
2020-09-08,12096061.5322,0.0,6322617.1218,18418678.654
2020-09-09,12096061.5322,0.0,6136739.1414,18232800.6736
2020-09-10,12096061.5322,0.0,6182487.71,18278549.2422
2020-09-11,12096061.5322,0.0,6269065.7092,18365127.2414
2020-09-14,12096061.5322,0.0,6287288.9702,18383350.5024
2020-09-15,18419414.9874,0.0,0.0,18419414.9874
2020-09-16,18419414.9874,0.0,0.0,18419414.9874
2020-09-17,18419414.9874,0.0,0.0,18419414.9874
2020-09-18,18419414.9874,0.0,0.0,18419414.9874
2020-09-21,18419414.9874,0.0,0.0,18419414.9874
2020-09-22,18419414.9874,0.0,0.0,18419414.9874
2020-09-23,18419414.9874,0.0,0.0,18419414.9874
2020-09-24,18419414.9874,0.0,0.0,18419414.9874
2020-09-25,18419414.9874,0.0,0.0,18419414.9874
2020-09-28,18419414.9874,0.0,0.0,18419414.9874
2020-09-29,18419414.9874,0.0,0.0,18419414.9874
2020-09-30,18419414.9874,0.0,0.0,18419414.9874
2020-10-09,18419414.9874,0.0,0.0,18419414.9874
2020-10-12,18419414.9874,0.0,0.0,18419414.9874
2020-10-13,18419414.9874,0.0,0.0,18419414.9874
2020-10-14,12897.9562,2944.5716,18403572.4596,18416470.4158
2020-10-15,9165.2263,0.5971,18304948.9292,18314114.1555
2020-10-16,6355.3712,0.4495,18297395.6061,18303750.9773
2020-10-19,4502.0966,0.2965,17994817.1425,17999319.2391
2020-10-20,6081838.8167,0.0,12120354.7095,18202193.5262
2020-10-21,12776.7937,970.8946,18146423.7999,18159200.5936
2020-10-22,9060.4172,0.5945,18093620.7005,18102681.1177
2020-10-23,6319.4862,0.4385,17639694.9294,17646014.4156
2020-10-26,4552.0607,0.2827,17443199.352,17447751.4127
2020-10-27,11735046.326,0.0,5909277.818,17644324.144
2020-10-28,11735046.326,0.0,5975817.186,17710863.512
2020-10-29,11735046.326,0.0,6081023.378,17816069.704
2020-10-30,11735046.326,0.0,5977233.94,17712280.266
2020-11-02,4513.2307,1876.585,17643536.1363,17648049.367
2020-11-03,4513.2307,0.0,18034712.4829,18039225.7136
2020-11-04,4513.2307,0.0,18093724.6435,18098237.8742
2020-11-05,4513.2307,0.0,18287868.0323,18292381.263
2020-11-06,4513.2307,0.0,18165357.9318,18169871.1625
2020-11-09,5965891.1176,0.0,12642091.0335,18607982.1511
2020-11-10,5965891.1176,0.0,12527403.1261,18493294.2437
2020-11-11,5965891.1176,0.0,12430552.5864,18396443.704
2020-11-12,5965891.1176,0.0,12448452.8337,18414343.9513
2020-11-13,5965891.1176,0.0,12413103.4151,18378994.5327
2020-11-16,5965891.1176,0.0,12835445.9989,18801337.1165
2020-11-17,5965891.1176,0.0,12672577.7389,18638468.8565
2020-11-18,5965891.1176,0.0,12670044.9828,18635936.1004
2020-11-19,12026985.6243,0.0,6605692.0644,18632677.6887
2020-11-20,12026985.6243,0.0,6853525.3776,18880511.0019
2020-11-23,12026985.6243,0.0,7064390.7708,19091376.3951
2020-11-24,6844.8072,1922.9149,19173177.0278,19180021.835
2020-11-25,5064.0173,0.2849,18698771.5086,18703835.5259
2020-11-26,5950401.931,0.0,12825918.9542,18776320.8852
2020-11-27,11868108.1639,0.0,6939276.432,18807384.5959
2020-11-30,12077.7059,1896.6614,18886399.2126,18898476.9185
2020-12-01,8268.539,0.6094,19235197.7866,19243466.3256
2020-12-02,6366.2058,0.3043,19221321.7107,19227687.9165
2020-12-03,4460.0191,0.3049,19081579.7025,19086039.7216
2020-12-04,3522.9589,0.1499,19268745.8678,19272268.8267
2020-12-07,2602.4693,0.1473,19144590.8324,19147193.3017
2020-12-08,5962665.3065,0.0,13252657.7367,19215323.0432
2020-12-09,5962665.3065,0.0,13093693.0028,19056358.3093
2020-12-10,5962665.3065,0.0,13009218.4034,18971883.7099
2020-12-11,5962665.3065,0.0,12864636.5868,18827301.8933
2020-12-14,5962665.3065,0.0,13107191.5071,19069856.8136
2020-12-15,12683246.757,0.0,6350225.6285,19033472.3855
2020-12-16,12683246.757,0.0,6416098.5278,19099345.2848
2020-12-17,12683246.757,0.0,6491931.0105,19175177.7675
2020-12-18,18474.0701,2026.0395,19084210.6821,19102684.7522
2020-12-21,13417.9932,0.8088,19445970.0259,19459388.0191
2020-12-22,13417.9932,0.0,19075845.6546,19089263.6478
2020-12-23,6346872.2493,0.0,12859939.2594,19206811.5087
2020-12-24,1006.3551,1015.1761,19171982.4618,19172988.8169
2020-12-25,1006.3551,0.0,19671887.9157,19672894.2708
2020-12-28,1006.3551,0.0,19781846.0586,19782852.4137
2020-12-29,1006.3551,0.0,19285054.3051,19286060.6602
2020-12-30,1006.3551,0.0,19709844.3918,19710850.7469
2020-12-31,1006.3551,0.0,19974771.1076,19975777.4627
2021-01-04,1006.3551,0.0,20628243.7656,20629250.1207
2021-01-05,1006.3551,0.0,21209516.2493,21210522.6044
2021-01-06,1006.3551,0.0,21425718.7513,21426725.1064
2021-01-07,1006.3551,0.0,21892851.1717,21893857.5268
2021-01-08,1006.3551,0.0,21645034.2076,21646040.5627
2021-01-11,1006.3551,0.0,20953230.9805,20954237.3356
2021-01-12,1006.3551,0.0,21405894.1035,21406900.4586
2021-01-13,1006.3551,0.0,20978618.7642,20979625.1193
2021-01-14,1006.3551,0.0,20531727.8112,20532734.1663
2021-01-15,1006.3551,0.0,20448411.4917,20449417.8468
2021-01-18,1006.3551,0.0,20551860.442,20552866.7971
2021-01-19,1006.3551,0.0,20038668.2815,20039674.6366
2021-01-20,2759.6064,1079.727,20515958.8371,20518718.4435
2021-01-21,151.377,1104.9459,21004097.3194,21004248.6964
2021-01-22,151.377,0.0,20850561.9983,20850713.3753
2021-01-25,151.377,0.0,20838446.3157,20838597.6927
2021-01-26,7295000.51,132.993,13012945.2352,20307945.7452
2021-01-27,6429433.9241,138.4685,13888449.5096,20317883.4337
2021-01-28,35605.1974,2042.8716,19793005.7622,19828610.9596
2021-01-29,24911.274,1.7108,19673941.0628,19698852.3368
2021-02-01,19503.3105,0.8651,19921407.2344,19940910.5449
2021-02-02,13843839.6436,0.0,6634885.0568,20478724.7004
2021-02-03,13843839.6436,0.0,6693901.942,20537741.5856
2021-02-04,13843839.6436,0.0,6613001.2676,20456840.9112
2021-02-05,13843839.6436,0.0,6806485.2128,20650324.8564
2021-02-08,13843839.6436,0.0,6966357.4708,20810197.1144
2021-02-09,13843839.6436,0.0,7113130.0604,20956969.704
2021-02-10,13843839.6436,0.0,7306193.5856,21150033.2292
2021-02-18,17779.9507,2211.8157,20817771.6505,20835551.6012
2021-02-19,17779.9507,0.0,21017452.8476,21035232.7983
2021-02-22,17779.9507,0.0,20665962.1814,20683742.1321
2021-02-23,17779.9507,0.0,20466684.0202,20484463.9709
2021-02-24,11673.5643,0.9769,19618689.032,19630362.5963
2021-02-25,6323779.0382,0.0,13168001.6496,19491780.6878
2021-02-26,12460475.656,0.0,6550285.7376,19010761.3936
2021-03-01,12460475.656,0.0,6793605.5776,19254081.2336
2021-03-02,12460475.656,0.0,6564935.3664,19025411.0224
2021-03-03,12460475.656,0.0,6810049.8592,19270525.5152
2021-03-04,12460475.656,0.0,6542048.488,19002524.144
2021-03-05,12460475.656,0.0,6320013.7664,18780489.4224
2021-03-08,12460475.656,0.0,6143543.3232,18604018.9792
2021-03-09,18502929.4223,0.0,0.0,18502929.4223
2021-03-10,18502929.4223,0.0,0.0,18502929.4223
2021-03-11,18502929.4223,0.0,0.0,18502929.4223
2021-03-12,18502929.4223,0.0,0.0,18502929.4223
2021-03-15,18502929.4223,0.0,0.0,18502929.4223
2021-03-16,18502929.4223,0.0,0.0,18502929.4223
2021-03-17,18502929.4223,0.0,0.0,18502929.4223
2021-03-18,18502929.4223,0.0,0.0,18502929.4223
2021-03-19,18502929.4223,0.0,0.0,18502929.4223
2021-03-22,18502929.4223,0.0,0.0,18502929.4223
2021-03-23,18502929.4223,0.0,0.0,18502929.4223
2021-03-24,18502929.4223,0.0,0.0,18502929.4223
2021-03-25,18502929.4223,0.0,0.0,18502929.4223
2021-03-26,18502929.4223,0.0,0.0,18502929.4223
2021-03-29,18502929.4223,0.0,0.0,18502929.4223
2021-03-30,18502929.4223,0.0,0.0,18502929.4223
2021-03-31,18502929.4223,0.0,0.0,18502929.4223
2021-04-01,18502929.4223,0.0,0.0,18502929.4223
2021-04-02,18502929.4223,0.0,0.0,18502929.4223
2021-04-06,18502929.4223,0.0,0.0,18502929.4223
2021-04-07,18502929.4223,0.0,0.0,18502929.4223
2021-04-08,41214.7987,2953.4018,18458761.2218,18499976.0205
2021-04-09,28438.2262,2.0439,18204741.5593,18233179.7855
2021-04-12,6040582.3816,0.0,11818435.2884,17859017.67
2021-04-13,17984530.0452,0.0,0.0,17984530.0452
2021-04-14,38612.1282,2870.8875,17943047.0295,17981659.1577
2021-04-15,25935.4467,2.0279,17847440.7495,17873376.1962
2021-04-16,19553.1385,1.021,17890893.7999,17910446.9384
2021-04-19,12173125.6339,0.0,6209304.507,18382430.1409
2021-04-20,5526.2534,1946.5045,18339377.6605,18344903.9139
2021-04-21,5526.2534,0.0,18507135.7426,18512661.996
2021-04-22,5526.2534,0.0,18544524.0652,18550050.3186
2021-04-23,5526.2534,0.0,18752884.8708,18758411.1242
2021-04-26,5526.2534,0.0,18561597.9263,18567124.1797
2021-04-27,5526.2534,0.0,18735960.3508,18741486.6042
2021-04-28,5526.2534,0.0,18924534.4397,18930060.6931
2021-04-29,5526.2534,0.0,19023600.9102,19029127.1636
2021-04-30,5526.2534,0.0,19004178.4299,19009704.6833
2021-05-06,5526.2534,0.0,18489896.8778,18495423.1312
2021-05-07,11824582.3143,0.0,6244079.4456,18068661.7599
2021-05-10,11824582.3143,0.0,6362052.3264,18186634.6407
2021-05-11,11824582.3143,0.0,6489297.7536,18313880.0679
2021-05-12,11824582.3143,0.0,6605296.914,18429879.2283
2021-05-13,2347.581,1891.255,18464426.3028,18466773.8838
2021-05-14,2347.581,0.0,18754721.2556,18757068.8366
2021-05-17,2347.581,0.0,19212643.3748,19214990.9558
2021-05-18,2347.581,0.0,19195493.2256,19197840.8066
2021-05-19,2347.581,0.0,19168177.4508,19170525.0318
2021-05-20,2347.581,0.0,19023066.0684,19025413.6494
2021-05-21,2347.581,0.0,18899710.6948,18902058.2758
2021-05-24,2347.581,0.0,18868991.818,18871339.399
2021-05-25,2347.581,0.0,19324503.5336,19326851.1146
2021-05-26,2347.581,0.0,19342432.686,19344780.267
2021-05-27,2347.581,0.0,19391558.5472,19393906.1282
2021-05-28,2347.581,0.0,19314218.582,19316566.163
2021-05-31,2347.581,0.0,19582410.7172,19584758.2982
2021-06-01,2347.581,0.0,19744126.5392,19746474.1202
2021-06-02,65.051,1003.7018,19467099.7029,19467164.7539
2021-06-03,1425.0391,1087.1084,19365439.8873,19366864.9264
2021-06-04,6308678.8646,85.7566,13136114.7666,19444793.6312
2021-06-07,19226.6008,2007.7999,19435543.9649,19454770.5657
2021-06-08,12493.2997,1.0772,19159914.2482,19172407.5479
2021-06-09,6828243.3224,101.5884,12304831.8692,19133075.1916
2021-06-10,4330.2473,1091.6514,19191183.9442,19195514.1915
2021-06-11,3508.0067,0.1315,18891866.5929,18895374.5996
2021-06-15,6764191.7619,126.1032,12005371.2182,18769562.9801
2021-06-16,6764191.7619,0.0,11836112.1612,18600303.9231
2021-06-17,12758841.3535,0.0,6057220.4064,18816061.7599
2021-06-18,12758841.3535,0.0,6104225.6073,18863066.9608
2021-06-21,12758841.3535,0.0,6179796.8523,18938638.2058
2021-06-22,12758841.3535,0.0,6170701.5018,18929542.8553
2021-06-23,12758841.3535,0.0,6286437.5562,19045278.9097
2021-06-24,12758841.3535,0.0,6235408.4364,18994249.7899
2021-06-25,12758841.3535,0.0,6256161.1305,19015002.484
2021-06-28,12758841.3535,0.0,6323448.2166,19082289.5701
2021-06-29,12758841.3535,0.0,6255688.1391,19014529.4926
2021-06-30,12758841.3535,0.0,6382744.2972,19141585.6507
2021-07-01,12758841.3535,0.0,6263194.8915,19022036.245
2021-07-02,12758841.3535,0.0,6159150.6642,18917992.0177
2021-07-05,12758841.3535,0.0,6286897.9764,19045739.3299
2021-07-06,12758841.3535,0.0,6263138.8449,19021980.1984
2021-07-07,12758841.3535,0.0,6335340.048,19094181.4015
2021-07-08,12758841.3535,0.0,6430371.336,19189212.6895
2021-07-09,12758841.3535,0.0,6369886.8405,19128728.194
2021-07-12,12758841.3535,0.0,6520851.5877,19279692.9412
2021-07-13,12758841.3535,0.0,6435433.9503,19194275.3038
2021-07-14,12758841.3535,0.0,6392260.0845,19151101.438
2021-07-15,14973.3956,2038.6927,19116664.6189,19131638.0145
2021-07-16,14973.3956,0.0,19041750.6144,19056724.01
2021-07-19,14973.3956,0.0,19167442.4121,19182415.8077
2021-07-20,14973.3956,0.0,19279751.1001,19294724.4957
2021-07-21,14973.3956,0.0,19764761.2955,19779734.6911
2021-07-22,14973.3956,0.0,19755559.2013,19770532.5969
2021-07-23,74.5937,986.2689,19497348.4182,19497423.0119
2021-07-26,5985692.4556,0.0,13318324.5132,19304016.9688
2021-07-27,5985692.4556,0.0,12942517.1292,18928209.5848
2021-07-28,5985692.4556,0.0,12611886.999,18597579.4546
2021-07-29,12460712.1491,0.0,6723784.2312,19184496.3803
2021-07-30,12460712.1491,0.0,6856929.3144,19317641.4635
2021-08-02,12460712.1491,0.0,6873691.9452,19334404.0943
2021-08-03,12460712.1491,0.0,6471990.312,18932702.4611
2021-08-04,12460712.1491,0.0,6781134.7236,19241846.8727
2021-08-05,12460712.1491,0.0,6668285.3724,19128997.5215
2021-08-06,12460712.1491,0.0,6889283.8908,19349996.0399
2021-08-09,12460712.1491,0.0,6767450.0592,19228162.2083
2021-08-10,12460712.1491,0.0,6711533.5116,19172245.6607
2021-08-11,12460712.1491,0.0,6838769.7108,19299481.8599
2021-08-12,12460712.1491,0.0,6975401.4432,19436113.5923
2021-08-13,12460712.1491,0.0,7024850.7348,19485562.8839
2021-08-16,12460712.1491,0.0,6736085.6688,19196797.8179
2021-08-17,12460712.1491,0.0,6686622.4416,19147334.5907
2021-08-18,12460712.1491,0.0,6729610.9236,19190323.0727
2021-08-19,12460712.1491,0.0,6759644.2272,19220356.3763
2021-08-20,19219590.3719,0.0,0.0,19219590.3719
2021-08-23,19219590.3719,0.0,0.0,19219590.3719
2021-08-24,19219590.3719,0.0,0.0,19219590.3719
2021-08-25,19219590.3719,0.0,0.0,19219590.3719
2021-08-26,7855.186,3073.3859,19208661.8001,19216516.9861
2021-08-27,6325870.5629,0.0,12960272.9808,19286143.5437
2021-08-30,6325870.5629,0.0,13080502.1619,19406372.7248
2021-08-31,6325870.5629,0.0,13377149.1837,19703019.7466
2021-09-01,6325870.5629,0.0,13145784.5592,19471655.1221
2021-09-02,631.1863,1011.8764,19707411.2721,19708042.4584
2021-09-03,631.1863,0.0,19392214.5297,19392845.716
2021-09-06,631.1863,0.0,19715035.4761,19715666.6624
2021-09-07,631.1863,0.0,20185422.4116,20186053.5979
2021-09-08,631.1863,0.0,20483563.371,20484194.5573
2021-09-09,631.1863,0.0,20418439.1773,20419070.3636
2021-09-10,631.1863,0.0,20645654.3864,20646285.5727
2021-09-13,631.1863,0.0,20928073.3904,20928704.5767
2021-09-14,631.1863,0.0,20345597.6718,20346228.8581
2021-09-15,631.1863,0.0,20435240.0765,20435871.2628
2021-09-16,631.1863,0.0,19866808.8932,19867440.0795
2021-09-17,631.1863,0.0,19680487.08,19681118.2663
2021-09-22,631.1863,0.0,19586043.6965,19586674.8828
2021-09-23,631.1863,0.0,19752094.1218,19752725.3081
2021-09-24,631.1863,0.0,19459581.0517,19460212.238
2021-09-27,12816.8412,932.8313,18782338.9636,18795155.8048
2021-09-28,5175.666,1.2224,18791081.733,18796257.399
2021-09-29,2387.8936,0.446,18576823.9974,18579211.891
2021-09-30,2387.8936,0.0,18695383.3687,18697771.2623
2021-10-08,2387.8936,0.0,19123342.9904,19125730.884
2021-10-11,14618.3385,1054.7581,19089087.5672,19103705.9057
2021-10-12,10268.1341,0.6959,18880119.5275,18890387.6616
2021-10-13,6346651.2154,0.0,12848838.014,19195489.2294
2021-10-14,6346651.2154,0.0,12643205.4038,18989856.6192
2021-10-15,12803355.6106,0.0,6076572.025,18879927.6356
2021-10-18,12803355.6106,0.0,5858661.8,18662017.4106
2021-10-19,12803355.6106,0.0,6019848.825,18823204.4356
2021-10-20,12803355.6106,0.0,6005678.275,18809033.8856
2021-10-21,12803355.6106,0.0,5992624.025,18795979.6356
2021-10-22,12803355.6106,0.0,6082731.075,18886086.6856
2021-10-25,12803355.6106,0.0,6062018.225,18865373.8356
2021-10-26,12803355.6106,0.0,6034024.675,18837380.2856
2021-10-27,12803355.6106,0.0,5961263.625,18764619.2356
2021-10-28,12803355.6106,0.0,5998703.875,18802059.4856
2021-10-29,12803355.6106,0.0,6118395.875,18921751.4856
2021-11-01,12803355.6106,0.0,6068177.325,18871532.9356
2021-11-02,12803355.6106,0.0,6088587.725,18891943.3356
2021-11-03,12803355.6106,0.0,6078168.95,18881524.5606
2021-11-04,3582.661,2047.6361,19045880.4135,19049463.0745
2021-11-05,2430.4426,0.1843,19208196.0991,19210626.5417
2021-11-08,2430.4426,0.0,19162616.4324,19165046.875
2021-11-09,2430.4426,0.0,19159555.7042,19161986.1468
2021-11-10,2430.4426,0.0,19132653.9536,19135084.3962
2021-11-11,6068672.9635,0.0,13315811.3844,19384484.3479
2021-11-12,6068672.9635,0.0,13364293.0893,19432966.0528
2021-11-15,6068672.9635,0.0,13600368.7151,19669041.6786
2021-11-16,10938.292,969.0825,19668338.6247,19679276.9167
2021-11-17,7228.7254,0.5934,19697584.6413,19704813.3667
2021-11-18,4823.304,0.3848,19393038.7842,19397862.0882
2021-11-19,3615.1381,0.1933,19540727.0867,19544342.2248
2021-11-22,2410.2802,0.1927,19669871.8866,19672282.1668
2021-11-23,2410.2802,0.0,19598223.3373,19600633.6175
2021-11-24,2410.2802,0.0,19732543.528,19734953.8082
2021-11-25,2410.2802,0.0,19497612.3744,19500022.6546
2021-11-26,149.3617,961.3476,19303180.0898,19303329.4515
2021-11-29,149.3617,0.0,19214540.274,19214689.6357
2021-11-30,149.3617,0.0,19243583.6975,19243733.0592
2021-12-01,149.3617,0.0,19334480.0346,19334629.3963
2021-12-02,149.3617,0.0,19115720.2961,19115869.6578
2021-12-03,149.3617,0.0,19278376.7192,19278526.0809
2021-12-06,165.4696,1038.5828,19042149.458,19042314.9276
2021-12-07,165.4696,0.0,18908984.1165,18909149.5861
2021-12-08,7214.74,1075.1178,19279469.9219,19286684.6619
2021-12-09,4811.0992,1102.9273,19562699.3804,19567510.4796
2021-12-10,3936.1733,0.14,19494515.3449,19498451.5182
2021-12-13,3055.5807,0.1409,19580021.2642,19583076.8449
2021-12-14,2179.7022,0.1401,19390385.8719,19392565.5741
2021-12-15,2179.7022,0.0,19197412.117,19199591.8192
2021-12-16,2179.7022,0.0,19245183.519,19247363.2212
2021-12-17,6640916.4878,148.9683,12339691.3341,18980607.8219
2021-12-20,6640916.4878,0.0,12255803.7658,18896720.2536
2021-12-21,309.2809,1062.3272,18966682.2277,18966991.5086
2021-12-22,309.2809,0.0,19182499.5826,19182808.8635
2021-12-23,309.2809,0.0,19251020.8873,19251330.1682
2021-12-24,309.2809,0.0,19330798.0227,19331107.3036
2021-12-27,309.2809,0.0,19185846.8435,19186156.1244
2021-12-28,309.2809,0.0,19243423.7255,19243733.0064
2021-12-29,309.2809,0.0,18830741.326,18831050.6069
2021-12-30,309.2809,0.0,19328292.9415,19328602.2224
2021-12-31,309.2809,0.0,19427665.4515,19427974.7324
2022-01-04,309.2809,0.0,19738537.3887,19738846.6696
2022-01-05,309.2809,0.0,19685366.8997,19685676.1806
2022-01-06,5496812.7596,0.0,13861930.6079,19358743.3675
2022-01-07,12053492.4854,0.0,7092912.674,19146405.1594
2022-01-10,12053492.4854,0.0,7066735.3928,19120227.8782
2022-01-11,12053492.4854,0.0,6859913.0411,18913405.5265
2022-01-12,12053492.4854,0.0,6905664.2256,18959156.711
2022-01-13,12053492.4854,0.0,6759621.1084,18813113.5938
2022-01-14,12053492.4854,0.0,6818132.4256,18871624.911
2022-01-17,19081927.9712,0.0,0.0,19081927.9712
2022-01-18,19081927.9712,0.0,0.0,19081927.9712
2022-01-19,19081927.9712,0.0,0.0,19081927.9712
2022-01-20,19081927.9712,0.0,0.0,19081927.9712
2022-01-21,19081927.9712,0.0,0.0,19081927.9712
2022-01-24,19081927.9712,0.0,0.0,19081927.9712
2022-01-25,19081927.9712,0.0,0.0,19081927.9712
2022-01-26,19081927.9712,0.0,0.0,19081927.9712
2022-01-27,19081927.9712,0.0,0.0,19081927.9712
2022-01-28,19081927.9712,0.0,0.0,19081927.9712
2022-02-07,19081927.9712,0.0,0.0,19081927.9712
2022-02-08,19081927.9712,0.0,0.0,19081927.9712
2022-02-09,19081927.9712,0.0,0.0,19081927.9712
2022-02-10,19081927.9712,0.0,0.0,19081927.9712
2022-02-11,19081927.9712,0.0,0.0,19081927.9712
2022-02-14,19081927.9712,0.0,0.0,19081927.9712
2022-02-15,19081927.9712,0.0,0.0,19081927.9712
2022-02-16,19081927.9712,0.0,0.0,19081927.9712
2022-02-17,19081927.9712,0.0,0.0,19081927.9712
2022-02-18,19081927.9712,0.0,0.0,19081927.9712
2022-02-21,19081927.9712,0.0,0.0,19081927.9712
2022-02-22,19081927.9712,0.0,0.0,19081927.9712
2022-02-23,19081927.9712,0.0,0.0,19081927.9712
2022-02-24,19081927.9712,0.0,0.0,19081927.9712
2022-02-25,19081927.9712,0.0,0.0,19081927.9712
2022-02-28,19081927.9712,0.0,0.0,19081927.9712
2022-03-01,19081927.9712,0.0,0.0,19081927.9712
2022-03-02,19081927.9712,0.0,0.0,19081927.9712
2022-03-03,19081927.9712,0.0,0.0,19081927.9712
2022-03-04,19081927.9712,0.0,0.0,19081927.9712
2022-03-07,19081927.9712,0.0,0.0,19081927.9712
2022-03-08,19081927.9712,0.0,0.0,19081927.9712
2022-03-09,19081927.9712,0.0,0.0,19081927.9712
2022-03-10,19081927.9712,0.0,0.0,19081927.9712
2022-03-11,19081927.9712,0.0,0.0,19081927.9712
2022-03-14,19081927.9712,0.0,0.0,19081927.9712
2022-03-15,19081927.9712,0.0,0.0,19081927.9712
2022-03-16,19081927.9712,0.0,0.0,19081927.9712
2022-03-17,19081927.9712,0.0,0.0,19081927.9712
2022-03-18,19081927.9712,0.0,0.0,19081927.9712
2022-03-21,19081927.9712,0.0,0.0,19081927.9712
2022-03-22,19081927.9712,0.0,0.0,19081927.9712
2022-03-23,19081927.9712,0.0,0.0,19081927.9712
2022-03-24,19081927.9712,0.0,0.0,19081927.9712
2022-03-25,19081927.9712,0.0,0.0,19081927.9712
2022-03-28,19081927.9712,0.0,0.0,19081927.9712
2022-03-29,19081927.9712,0.0,0.0,19081927.9712
2022-03-30,19081927.9712,0.0,0.0,19081927.9712
2022-03-31,19081927.9712,0.0,0.0,19081927.9712
2022-04-01,19081927.9712,0.0,0.0,19081927.9712
2022-04-06,19081927.9712,0.0,0.0,19081927.9712
2022-04-07,19081927.9712,0.0,0.0,19081927.9712
2022-04-08,19081927.9712,0.0,0.0,19081927.9712
2022-04-11,19081927.9712,0.0,0.0,19081927.9712
2022-04-12,19081927.9712,0.0,0.0,19081927.9712
2022-04-13,19081927.9712,0.0,0.0,19081927.9712
2022-04-14,19081927.9712,0.0,0.0,19081927.9712
2022-04-15,7294.4259,3051.4531,19071582.0922,19078876.5181
2022-04-18,12531068.9205,0.0,6395883.0054,18926951.9259
2022-04-19,12531068.9205,0.0,6386482.0614,18917550.9819
2022-04-20,12531068.9205,0.0,6420520.6464,18951589.5669
2022-04-21,12531068.9205,0.0,6289303.1838,18820372.1043
2022-04-22,18801049.2835,0.0,0.0,18801049.2835
2022-04-25,18801049.2835,0.0,0.0,18801049.2835
2022-04-26,18801049.2835,0.0,0.0,18801049.2835
2022-04-27,18801049.2835,0.0,0.0,18801049.2835
2022-04-28,18801049.2835,0.0,0.0,18801049.2835
2022-04-29,18801049.2835,0.0,0.0,18801049.2835
2022-05-05,18801049.2835,0.0,0.0,18801049.2835
2022-05-06,18801049.2835,0.0,0.0,18801049.2835
2022-05-09,18801049.2835,0.0,0.0,18801049.2835
2022-05-10,18801049.2835,0.0,0.0,18801049.2835
2022-05-11,18801049.2835,0.0,0.0,18801049.2835
2022-05-12,18801049.2835,0.0,0.0,18801049.2835
2022-05-13,18801049.2835,0.0,0.0,18801049.2835
2022-05-16,18801049.2835,0.0,0.0,18801049.2835
2022-05-17,18801049.2835,0.0,0.0,18801049.2835
2022-05-18,18801049.2835,0.0,0.0,18801049.2835
2022-05-19,18801049.2835,0.0,0.0,18801049.2835
2022-05-20,18801049.2835,0.0,0.0,18801049.2835
2022-05-23,18801049.2835,0.0,0.0,18801049.2835
2022-05-24,18801049.2835,0.0,0.0,18801049.2835
2022-05-25,18801049.2835,0.0,0.0,18801049.2835
2022-05-26,18801049.2835,0.0,0.0,18801049.2835
2022-05-27,6187.2836,3006.6968,18791855.3031,18798042.5867
2022-05-30,4320.3707,0.2987,18951181.7136,18955502.0843
2022-05-31,3368.3568,0.1523,19282261.5441,19285629.9009
2022-06-01,2414.8146,0.1525,19210629.0903,19213043.9049
2022-06-02,2414.8146,0.0,19432386.6072,19434801.4218
2022-06-06,2414.8146,0.0,20067993.169,20070407.9836
2022-06-07,2414.8146,0.0,19967208.2685,19969623.0831
2022-06-08,2414.8146,0.0,20139695.1201,20142109.9347
2022-06-09,2414.8146,0.0,19811645.1009,19814059.9155
2022-06-10,2414.8146,0.0,20146846.6497,20149261.4643
2022-06-13,2414.8146,0.0,20176455.3767,20178870.1913
2022-06-14,2414.8146,0.0,20032983.4035,20035398.2181
2022-06-15,520.7425,1040.9614,20150428.496,20150949.2385
2022-06-16,520.7425,0.0,19920186.1575,19920706.9
2022-06-17,367.7648,1079.797,20090083.2354,20090451.0002
2022-06-20,20835.5051,1083.5475,19992978.2964,20013813.8015
2022-06-21,8075.7474,2.0412,19731614.5221,19739690.2695
2022-06-22,8450.8875,1085.0595,19545728.193,19554179.0805
2022-06-23,6274.9958,0.3481,19831237.2362,19837512.232
2022-06-24,4824.0329,0.2321,20096112.9387,20100936.9716
2022-06-27,3370.2613,0.2326,20457221.6768,20460591.9381
2022-06-28,2637.2681,0.1173,20520377.2541,20523014.5222
2022-06-29,1920.1072,0.1147,20236018.1318,20237938.239
2022-06-30,1920.1072,0.0,20667634.535,20669554.6422
2022-07-01,1920.1072,0.0,20536823.8764,20538743.9836
